Date,Close/Last,Volume,Open,High,Low
2/18/2022,$236.42 ,76125490,$246.68 ,$249.86 ,$231 
2/17/2022,$245.07 ,81059510,$256.30 ,$257.85 ,$241.65 
2/16/2022,$265.11 ,73267630,$262.59 ,$265.82 ,$255.52 
2/15/2022,$264.95 ,70175280,$249.49 ,$265.45 ,$247.84 
2/14/2022,$242.67 ,44042440,$239.34 ,$248.75 ,$237.55 
2/11/2022,$239.49 ,60547200,$259.16 ,$261.52 ,$237.73 
2/10/2022,$258.24 ,51319970,$259.95 ,$269.25 ,$256 
2/9/2022,$267.05 ,52428170,$256.22 ,$267.25 ,$253.53 
2/8/2022,$251.08 ,41035860,$243.59 ,$252.30 ,$239.80 
2/7/2022,$247.28 ,37686750,$243.72 ,$251.82 ,$242.02 
2/4/2022,$243.19 ,35482850,$239.72 ,$246.35 ,$236.32 
2/3/2022,$239.48 ,41017780,$244.58 ,$250.77 ,$237.80 
2/2/2022,$252.42 ,54341940,$257.94 ,$258.17 ,$245.53 
2/1/2022,$246.38 ,51892520,$251.04 ,$251.45 ,$238.90 
1/31/2022,$244.86 ,56467970,$231.82 ,$245.09 ,$230.52 
1/28/2022,$228.40 ,54377430,$220.12 ,$228.58 ,$212.96 
1/27/2022,$219.44 ,57335270,$235.68 ,$239.95 ,$216.75 
1/26/2022,$227.72 ,75595870,$232.40 ,$240.57 ,$223 
1/25/2022,$223.24 ,66461640,$225.46 ,$229.43 ,$220 
1/24/2022,$233.72 ,91581060,$223.30 ,$233.80 ,$208.88 
1/21/2022,$233.74 ,71895780,$235.07 ,$248.23 ,$232.63 
1/20/2022,$241.50 ,43518070,$253.04 ,$255.79 ,$240.78 
1/19/2022,$250.67 ,48831450,$260.79 ,$265.43 ,$250.52 
1/18/2022,$259.03 ,42530620,$262.60 ,$266.38 ,$257.70 
1/14/2022,$269.42 ,39583240,$263 ,$271.97 ,$262.10 
1/13/2022,$265.75 ,53886810,$283.79 ,$284.80 ,$264.98 
1/12/2022,$279.99 ,38341350,$280.67 ,$285.95 ,$276.08 
1/11/2022,$278.17 ,40408930,$273.23 ,$280.65 ,$268.39 
1/10/2022,$274 ,59468100,$265.81 ,$274.69 ,$256.44 
1/7/2022,$272.47 ,40993850,$281.41 ,$284.22 ,$270.57 
1/6/2022,$281.78 ,45418640,$276.40 ,$284.38 ,$270.65 
1/5/2022,$276.04 ,49806390,$289.49 ,$294.16 ,$275.33 
1/4/2022,$292.90 ,52715440,$302.77 ,$304.68 ,$283.49 
1/3/2022,$301.21 ,39240290,$298.15 ,$307.11 ,$297.85 
12/31/2021,$294.11 ,26652990,$296.74 ,$300.30 ,$293.31 
12/30/2021,$295.86 ,30886420,$298.27 ,$304.57 ,$295.40 
12/29/2021,$300.01 ,34313930,$302.73 ,$305.48 ,$293.66 
12/28/2021,$303.22 ,42059120,$313.12 ,$313.30 ,$300.12 
12/27/2021,$309.45 ,40368590,$296.60 ,$310.87 ,$296.40 
12/23/2021,$296.40 ,34302170,$297.55 ,$300.59 ,$294.31 
12/22/2021,$294 ,39518440,$288.91 ,$295.55 ,$284.49 
12/21/2021,$290.75 ,52438490,$283.74 ,$291.20 ,$274.01 
12/20/2021,$277.19 ,46184680,$273.05 ,$281.44 ,$271.45 
12/17/2021,$278.01 ,71662240,$279.85 ,$289.22 ,$277.60 
12/16/2021,$283.87 ,70736600,$311.52 ,$311.60 ,$280.93 
12/15/2021,$304.59 ,69829690,$284 ,$305 ,$278.38 
12/14/2021,$283.37 ,66703540,$276.99 ,$286.78 ,$272.50 
12/13/2021,$281.61 ,59834370,$302.49 ,$302.94 ,$281.16 
12/10/2021,$301.98 ,48882510,$311.50 ,$313.05 ,$298.61 
12/9/2021,$304.90 ,48850720,$317.34 ,$322.05 ,$304.28 
12/8/2021,$318.26 ,47555150,$319.99 ,$322.90 ,$314.21 
12/7/2021,$324.27 ,59305350,$309.57 ,$324.49 ,$306.51 
12/6/2021,$300.37 ,65893850,$298.80 ,$302.41 ,$280.38 
12/3/2021,$306.93 ,54432510,$320 ,$321.29 ,$301.30 
12/2/2021,$321.26 ,47289030,$312.14 ,$324.78 ,$310.25 
12/1/2021,$314.35 ,48580200,$332.19 ,$332.89 ,$313.80 
11/30/2021,$326.76 ,62206650,$331.69 ,$333.53 ,$318.64 
11/29/2021,$333.76 ,45496400,$323.66 ,$334.12 ,$320.36 
11/26/2021,$315.03 ,28306890,$326 ,$327.10 ,$313.50 
11/24/2021,$326.74 ,43516230,$314.61 ,$328.55 ,$309.28 
11/23/2021,$317.46 ,53216270,$315.35 ,$323.60 ,$308.80 
11/22/2021,$319.56 ,75433520,$335.17 ,$346.47 ,$319 
11/19/2021,$329.85 ,53386670,$322.43 ,$330.88 ,$319.05 
11/18/2021,$316.75 ,78171080,$323.67 ,$327.60 ,$313.21 
11/17/2021,$292.61 ,42850800,$304.18 ,$305.09 ,$288 
11/16/2021,$302.03 ,26448370,$297.59 ,$303.90 ,$297.06 
11/15/2021,$300.25 ,38490900,$305.52 ,$306.44 ,$292.47 
11/12/2021,$303.90 ,41305430,$300.10 ,$306.80 ,$296.30 
11/11/2021,$303.90 ,33217210,$304.68 ,$305.90 ,$297.77 
11/10/2021,$294.59 ,63620570,$293.56 ,$308.50 ,$287.78 
11/9/2021,$306.57 ,64674620,$322.82 ,$323.10 ,$299.64 
11/8/2021,$308.04 ,50310090,$301.49 ,$311 ,$299.07 
11/5/2021,$297.52 ,85126020,$301.87 ,$314 ,$294.10 
11/4/2021,$298.01 ,115363100,$272.29 ,$313.65 ,$271.18 
11/3/2021,$265.98 ,23991030,$266.70 ,$267.84 ,$262.35 
11/2/2021,$264.01 ,29411240,$258.22 ,$266.78 ,$258 
11/1/2021,$258.27 ,26573980,$256.49 ,$258.94 ,$252.27 
10/29/2021,$255.67 ,29250280,$250.01 ,$257.09 ,$250 
10/28/2021,$249.41 ,23420430,$248.78 ,$249.50 ,$245.23 
10/27/2021,$244.51 ,24598990,$244.74 ,$250.90 ,$242.82 
10/26/2021,$247.17 ,48589830,$239.89 ,$252.59 ,$239.24 
10/25/2021,$231.66 ,23023480,$229.73 ,$233.55 ,$227.70 
10/22/2021,$227.26 ,24938380,$228.23 ,$231.30 ,$225.61 
10/21/2021,$226.92 ,18759030,$220.97 ,$227.11 ,$220.83 
10/20/2021,$221.03 ,14627590,$223.05 ,$224.33 ,$219.82 
10/19/2021,$222.90 ,16147330,$222.76 ,$223.79 ,$220.37 
10/18/2021,$222.22 ,18949360,$217.49 ,$222.91 ,$216.44 
10/15/2021,$218.62 ,22699400,$218.10 ,$219.31 ,$216.62 
10/14/2021,$217.46 ,24358880,$212.88 ,$217.55 ,$211.22 
10/13/2021,$209.39 ,18065190,$209.18 ,$209.90 ,$207.13 
10/12/2021,$206.71 ,16213350,$208.28 ,$210.57 ,$205.28 
10/11/2021,$206.95 ,16338750,$205.75 ,$210.63 ,$205.11 
10/8/2021,$208.31 ,15125790,$211.01 ,$212.06 ,$207.75 
10/7/2021,$210.75 ,25691890,$210.92 ,$213.22 ,$209.72 
10/6/2021,$207 ,29720180,$201.20 ,$207.20 ,$200.80 
10/5/2021,$204.51 ,27928170,$199.50 ,$206.48 ,$198.54 
10/4/2021,$197.32 ,34563500,$205.04 ,$205.42 ,$195.55 
10/1/2021,$207.42 ,24097800,$207.50 ,$208.59 ,$202.03 
9/30/2021,$207.16 ,22100910,$207.68 ,$210.66 ,$206.88 
9/29/2021,$205.17 ,21839360,$209.40 ,$210.17 ,$204.67 
9/28/2021,$206.99 ,34306900,$212.14 ,$214.19 ,$206.51 
9/27/2021,$216.60 ,24521510,$217.10 ,$217.99 ,$213.25 
9/24/2021,$220.81 ,21765550,$220.70 ,$221.49 ,$218.61 
9/23/2021,$224.82 ,24855490,$221.40 ,$225.35 ,$218.90 
9/22/2021,$219.41 ,26872560,$213.66 ,$219.60 ,$211.96 
9/21/2021,$212.46 ,20468810,$214.17 ,$214.25 ,$209.50 
9/20/2021,$211.13 ,34944050,$211.46 ,$214.33 ,$206.62 
9/17/2021,$219 ,29450280,$223 ,$223.21 ,$218.30 
9/16/2021,$222.42 ,15603340,$221.84 ,$222.77 ,$219.27 
9/15/2021,$223.41 ,16653800,$223.09 ,$223.67 ,$219.66 
9/14/2021,$222.42 ,19975460,$222.75 ,$224.10 ,$220.86 
9/13/2021,$221.52 ,29749990,$226.84 ,$229.64 ,$218.58 
9/10/2021,$224.78 ,24837570,$223.48 ,$226.26 ,$222.70 
9/9/2021,$221.77 ,19685600,$223.12 ,$225.38 ,$221.31 
9/8/2021,$223.39 ,25443420,$225.13 ,$226.10 ,$219.77 
9/7/2021,$226.62 ,19810720,$228.33 ,$228.99 ,$225.22 
9/3/2021,$228.43 ,28083200,$223.25 ,$229.86 ,$222 
9/2/2021,$223.96 ,18810960,$225.18 ,$225.93 ,$222.95 
9/1/2021,$224.41 ,20176700,$224.85 ,$226.97 ,$223.57 
8/31/2021,$223.85 ,25984970,$226.95 ,$226.95 ,$221.20 
8/30/2021,$226.88 ,26257990,$228.30 ,$230.43 ,$225.51 
8/27/2021,$226.36 ,30472220,$221.84 ,$227.22 ,$221.67 
8/26/2021,$220.68 ,23794040,$222 ,$223.40 ,$217.90 
8/25/2021,$222.13 ,34770100,$217.37 ,$224.70 ,$217.22 
8/24/2021,$217.93 ,29729890,$217.53 ,$219.59 ,$215.35 
8/23/2021,$219.58 ,57580660,$209.71 ,$219.97 ,$209.50 
8/20/2021,$208.16 ,67574130,$199.91 ,$208.65 ,$199.33 
8/19/2021,$197.98 ,76655480,$194.94 ,$204.95 ,$187.62 
8/18/2021,$190.40 ,28591350,$195 ,$196.34 ,$190 
8/17/2021,$194.58 ,20458490,$196.85 ,$197.70 ,$192.67 
8/16/2021,$199.50 ,21115280,$201.35 ,$202.87 ,$194.53 
8/13/2021,$201.88 ,18306290,$199.05 ,$202.14 ,$198.51 
8/12/2021,$199.05 ,15186160,$198.70 ,$200.29 ,$196.20 
8/11/2021,$196.99 ,18592480,$200.43 ,$200.49 ,$194.30 
8/10/2021,$199.36 ,17923780,$203.22 ,$204.30 ,$198.35 
8/9/2021,$202.95 ,14644310,$204.46 ,$205.08 ,$201.43 
8/6/2021,$203.66 ,17849660,$205.24 ,$205.70 ,$202.10 
8/5/2021,$206.37 ,21143540,$205 ,$207.33 ,$203.42 
8/4/2021,$202.74 ,23130940,$199.90 ,$203.18 ,$198.28 
8/3/2021,$198.15 ,30181070,$197.40 ,$202.22 ,$192.20 
8/2/2021,$197.50 ,21744400,$197 ,$199.61 ,$193.61 
7/30/2021,$194.99 ,18349750,$194.18 ,$196.30 ,$192.63 
7/29/2021,$196.62 ,19078090,$195.19 ,$198.53 ,$193.28 
7/28/2021,$195.03 ,20219120,$193.19 ,$196.46 ,$189.95 
7/27/2021,$192.08 ,24886260,$192.65 ,$196.22 ,$187.41 
7/26/2021,$192.94 ,20394320,$193.11 ,$194.42 ,$189.14 
7/23/2021,$195.58 ,19567200,$196.56 ,$197 ,$192.50 
7/22/2021,$195.94 ,32382600,$196.42 ,$198.87 ,$192.76 
7/21/2021,$194.10 ,37101740,$188.82 ,$195.27 ,$187.42 
7/20/2021,$186.12 ,43468650,$187.30 ,$188.38 ,$181.64 
7/19/2021,$187.80 ,74905880,$179.15 ,$190.42 ,$178.66 
7/16/2021,$181.61 ,68822280,$190.31 ,$191.57 ,$180.73 
7/15/2021,$189.66 ,55056440,$198.12 ,$198.47 ,$188.59 
7/14/2021,$198.42 ,38009920,$203.58 ,$204.18 ,$197.53 
7/13/2021,$202.50 ,29070632,$204.01 ,$204.61 ,$201.14 
7/12/2021,$205.13 ,32198476,$202.40 ,$205.33 ,$201.88 
7/9/2021,$200.50 ,29662268,$199.63 ,$200.80 ,$197.54 
7/8/2021,$199.03 ,50329960,$198.57 ,$201.33 ,$197.01 
7/7/2021,$203.72 ,41842720,$208.54 ,$208.75 ,$203.32 
7/6/2021,$206.99 ,44670760,$207.38 ,$208.42 ,$203.50 
7/2/2021,$204.87 ,34339668,$204.40 ,$205.05 ,$202.88 
7/1/2021,$202.12 ,48013480,$201.25 ,$204.56 ,$200.19 
6/30/2021,$200.03 ,32656616,$199.99 ,$201.63 ,$198.64 
6/29/2021,$200.27 ,36763384,$198.83 ,$200.99 ,$196.57 
6/28/2021,$199.85 ,49543640,$193.61 ,$200.79 ,$193.19 
6/25/2021,$190.31 ,27836592,$192.81 ,$193.46 ,$188.94 
6/24/2021,$192.06 ,32092240,$192.28 ,$194.20 ,$190.88 
6/23/2021,$190.57 ,33235704,$190.08 ,$191.53 ,$189.08 
6/22/2021,$188.87 ,58014560,$184.72 ,$189.64 ,$183.86 
6/21/2021,$184.27 ,67238200,$184.35 ,$185.37 ,$178.23 
6/18/2021,$186.39 ,96885440,$187.84 ,$193.75 ,$185.84 
6/17/2021,$186.57 ,80965480,$177.75 ,$188.35 ,$177.56 
6/16/2021,$178.10 ,30712260,$177.91 ,$179.55 ,$175.84 
6/15/2021,$177.89 ,24303044,$179.15 ,$180.16 ,$177.28 
6/14/2021,$180.19 ,32137428,$179.06 ,$180.40 ,$176.63 
6/11/2021,$178.25 ,41630760,$174.80 ,$179.39 ,$174.44 
6/10/2021,$174.25 ,28777044,$173.50 ,$174.92 ,$171.76 
6/9/2021,$173.58 ,38165748,$175.16 ,$175.75 ,$172.56 
6/8/2021,$174.57 ,32384676,$175.27 ,$176.22 ,$172.51 
6/7/2021,$176.19 ,57575480,$175.71 ,$178.13 ,$171.93 
6/4/2021,$175.78 ,61712040,$171.13 ,$176.61 ,$170.96 
6/3/2021,$169.70 ,58000680,$167.01 ,$172.59 ,$165.83 
6/2/2021,$167.78 ,59416760,$162.52 ,$169.19 ,$162.36 
6/1/2021,$162.65 ,47280320,$162.70 ,$163.88 ,$159.03 
5/28/2021,$162.45 ,64453560,$155.01 ,$162.77 ,$155.01 
5/27/2021,$154.88 ,58147520,$157.00 ,$157.50 ,$154.60 
5/26/2021,$157 ,37043864,$157.34 ,$157.94 ,$155.86 
5/25/2021,$156.48 ,43540680,$157.66 ,$158.19 ,$154.83 
5/24/2021,$156.12 ,55481640,$152.13 ,$157.45 ,$151.76 
5/21/2021,$149.92 ,67299200,$151.64 ,$152.22 ,$148.69 
5/20/2021,$146.13 ,32159192,$143.03 ,$146.84 ,$142.71 
5/19/2021,$140.66 ,34399936,$135.67 ,$140.80 ,$135.43 
5/18/2021,$140.16 ,18625424,$142.67 ,$144.04 ,$140.04 
5/17/2021,$141.66 ,21648884,$141.57 ,$141.69 ,$138.54 
5/14/2021,$142.43 ,25861500,$138.90 ,$143.28 ,$137.49 
5/13/2021,$136.65 ,28572748,$140.34 ,$140.81 ,$134.59 
5/12/2021,$137.59 ,30340932,$140.10 ,$142.60 ,$137.09 
5/11/2021,$143.06 ,28558536,$138.25 ,$143.55 ,$137.50 
5/10/2021,$142.66 ,26890380,$147.87 ,$148.06 ,$142.50 
5/7/2021,$148.12 ,22932732,$148.08 ,$149.71 ,$146.72 
5/6/2021,$145.23 ,19338092,$144.95 ,$145.71 ,$142.18 
5/5/2021,$144.59 ,29202304,$147.09 ,$148.14 ,$143.88 
5/4/2021,$143.51 ,40532480,$146.37 ,$146.38 ,$140.10 
5/3/2021,$148.37 ,20391184,$151.25 ,$152.47 ,$147.88 
4/30/2021,$150.10 ,20191008,$151.75 ,$153.65 ,$149.97 
4/29/2021,$153.25 ,17319648,$154 ,$154.37 ,$150.72 
4/28/2021,$152.77 ,20941620,$153.65 ,$155.32 ,$152.16 
4/27/2021,$153.82 ,16457300,$155.79 ,$156.71 ,$153.55 
4/26/2021,$154.78 ,19779708,$151.85 ,$154.79 ,$151.25 
4/23/2021,$152.65 ,22777220,$149.34 ,$153.35 ,$149.00 
4/22/2021,$148.50 ,27778628,$153.75 ,$154.39 ,$147.84 
4/21/2021,$153.61 ,21677704,$151.19 ,$153.63 ,$151.02 
4/20/2021,$151.71 ,33413304,$153.23 ,$154.97 ,$149.63 
4/19/2021,$153.62 ,40441800,$155.37 ,$158.08 ,$152.33 
4/16/2021,$159.13 ,33520756,$160.53 ,$161.66 ,$158.65 
4/15/2021,$161.37 ,59848080,$156.63 ,$162.14 ,$156.32 
4/14/2021,$152.77 ,38550192,$156.25 ,$157.20 ,$152.28 
4/13/2021,$156.80 ,67621200,$152.32 ,$157 ,$151.26 
4/12/2021,$152.09 ,86932200,$142.90 ,$153.53 ,$141.39 
4/9/2021,$144 ,19517088,$142.14 ,$144.08 ,$141.75 
4/8/2021,$143.17 ,24441492,$142.53 ,$144.72 ,$142.49 
4/7/2021,$141.44 ,25128436,$138.81 ,$142.44 ,$137.12 
4/6/2021,$138.62 ,19174596,$140.00 ,$140.54 ,$137.74 
4/5/2021,$139.88 ,25567140,$138.68 ,$140.14 ,$137.33 
4/1/2021,$138.12 ,30827460,$135.72 ,$138.70 ,$135.11 
3/31/2021,$133.48 ,31477752,$130.16 ,$134.71 ,$129.83 
3/30/2021,$128.72 ,20020248,$128.42 ,$129.75 ,$127.05 
3/29/2021,$129.48 ,27351988,$128.20 ,$130.63 ,$127 
3/26/2021,$128.39 ,36396896,$125.55 ,$128.56 ,$123.74 
3/25/2021,$125.35 ,29514456,$125.00 ,$127.15 ,$122.72 
3/24/2021,$126.43 ,24583852,$131.51 ,$131.59 ,$126.37 
3/23/2021,$130.71 ,22204608,$132.54 ,$133.45 ,$130.21 
3/22/2021,$131.86 ,29780308,$129.13 ,$133.95 ,$129.07 
3/19/2021,$128.46 ,29920696,$127.50 ,$129.22 ,$126.13 
3/18/2021,$127.23 ,29418808,$131.37 ,$131.84 ,$127.17 
3/17/2021,$133.41 ,24386420,$130.40 ,$134.53 ,$129.90 
3/16/2021,$132.91 ,27212960,$133.57 ,$135.13 ,$131.17 
3/15/2021,$131.91 ,22252044,$128.65 ,$132.07 ,$127.67 
3/12/2021,$128.56 ,24396396,$126.48 ,$128.89 ,$125.90 
3/11/2021,$129.94 ,29991428,$129.50 ,$130.46 ,$127.35 
3/10/2021,$124.68 ,38437656,$128.41 ,$129.80 ,$124.58 
3/9/2021,$125.20 ,52182560,$121.30 ,$126.17 ,$120.59 
3/8/2021,$115.93 ,54311160,$124.50 ,$124.71 ,$115.67 
3/5/2021,$124.62 ,54283880,$125.50 ,$125.50 ,$116.79 
3/4/2021,$123.70 ,57334520,$128.01 ,$129.75 ,$120.84 
3/3/2021,$128.05 ,37759028,$134.26 ,$134.52 ,$127.99 
3/2/2021,$134.06 ,26411412,$139 ,$139.21 ,$133.96 
3/1/2021,$138.42 ,35318300,$138.75 ,$139.25 ,$135.53 
2/26/2021,$137.15 ,50093040,$137.53 ,$138.55 ,$133.61 
2/25/2021,$133.08 ,82443600,$140.45 ,$143.75 ,$132.16 
2/24/2021,$144.99 ,44831920,$141.23 ,$145.07 ,$137.56 
2/23/2021,$141.42 ,39177932,$140.75 ,$142.39 ,$133.90 
2/22/2021,$143.56 ,32588556,$147.75 ,$151.33 ,$143.25 
2/19/2021,$149.27 ,27172412,$150.25 ,$151.77 ,$148.47 
2/18/2021,$148.29 ,23408080,$147.29 ,$148.73 ,$145.75 
2/17/2021,$149.06 ,27569868,$151.71 ,$152.24 ,$147.80 
2/16/2021,$153.30 ,32195952,$150.64 ,$153.73 ,$149.50 
2/12/2021,$149.61 ,37475748,$150.50 ,$152.91 ,$147.75 
2/11/2021,$152.51 ,45082760,$149.80 ,$152.72 ,$149.25 
2/10/2021,$147.64 ,48535240,$144.63 ,$149.05 ,$143.41 
2/9/2021,$142.63 ,28756012,$143.41 ,$145.83 ,$142.23 
2/8/2021,$144.39 ,43462280,$137.27 ,$144.74 ,$137.27 
2/5/2021,$135.91 ,16915364,$137.25 ,$137.37 ,$135.46 
2/4/2021,$136.64 ,20133848,$135.31 ,$136.74 ,$133.38 
2/3/2021,$135.31 ,24540928,$136.36 ,$139.32 ,$135.17 
2/2/2021,$135.57 ,22043828,$133.99 ,$135.72 ,$132.86 
2/1/2021,$132.37 ,21720432,$130.53 ,$132.71 ,$129.03 
1/29/2021,$129.90 ,27155204,$130.75 ,$133.35 ,$129.12 
1/28/2021,$130.51 ,22831596,$129.96 ,$133.40 ,$129.61 
1/27/2021,$129.18 ,37127284,$132.30 ,$132.33 ,$127.94 
1/26/2021,$134.35 ,16398040,$135.80 ,$136.45 ,$133.88 
1/25/2021,$136.53 ,25111116,$137.82 ,$138.29 ,$132.36 
1/22/2021,$137.13 ,24681856,$137.40 ,$138.42 ,$136.27 
1/21/2021,$138.68 ,33833960,$134.19 ,$139.99 ,$132.53 
1/20/2021,$133.66 ,25857088,$131.12 ,$134.31 ,$130.57 
1/19/2021,$130.25 ,22618688,$130.16 ,$130.94 ,$128.44 
1/15/2021,$128.60 ,27778128,$132.28 ,$133.25 ,$128.49 
1/14/2021,$132.00 ,28312028,$135.75 ,$136.00 ,$131.81 
1/13/2021,$135.32 ,21002844,$134.90 ,$136.25 ,$133.85 
1/12/2021,$134.85 ,29147772,$137.53 ,$137.55 ,$133.45 
1/11/2021,$136.22 ,51902880,$134.19 ,$139.61 ,$133.63 
1/8/2021,$132.77 ,29252860,$133.63 ,$134.21 ,$130.42 
1/7/2021,$133.44 ,46148160,$129.68 ,$133.78 ,$128.87 
1/6/2021,$126.15 ,58042320,$132.23 ,$132.45 ,$125.86 
1/5/2021,$134.05 ,32275992,$131.00 ,$134.44 ,$130.87 
1/4/2021,$131.14 ,56064200,$131.04 ,$136.53 ,$129.63 
12/31/2020,$130.55 ,19242440,$131.37 ,$131.51 ,$129.15 
12/30/2020,$131.46 ,22539716,$129.90 ,$132.14 ,$128.97 
12/29/2020,$129.43 ,17037216,$129.25 ,$130.73 ,$128.42 
12/28/2020,$129 ,21256564,$130.63 ,$130.63 ,$127.63 
12/24/2020,$129.94 ,9788352,$130.37 ,$131.33 ,$129.39 
12/23/2020,$130.09 ,17914276,$132.56 ,$132.75 ,$130.05 
12/22/2020,$132.78 ,18631488,$133.19 ,$133.37 ,$130.54 
12/21/2020,$133.32 ,30233216,$130.75 ,$133.70 ,$129.68 
12/18/2020,$132.72 ,34206464,$133.79 ,$134.05 ,$130.71 
12/17/2020,$133.41 ,23138388,$133.67 ,$133.80 ,$131.79 
12/16/2020,$132.43 ,22311468,$134.23 ,$134.37 ,$132.13 
12/15/2020,$133.61 ,19348592,$134.40 ,$134.64 ,$131.87 
12/14/2020,$133.09 ,27015788,$130.88 ,$133.89 ,$130.78 
12/11/2020,$130.13 ,20926564,$129.67 ,$130.20 ,$128.23 
12/10/2020,$129.72 ,20776472,$128.69 ,$130.69 ,$128.49 
12/9/2020,$129.31 ,40130120,$133.01 ,$134.14 ,$128.68 
12/8/2020,$133.50 ,27192088,$135.85 ,$135.99 ,$132.82 
12/7/2020,$136.07 ,22324324,$136.01 ,$137.31 ,$135 
12/4/2020,$135.58 ,20224340,$134.49 ,$135.60 ,$133.89 
12/3/2020,$133.96 ,19952064,$135.88 ,$136.60 ,$133.29 
12/2/2020,$135.45 ,28336120,$133.51 ,$136.73 ,$132.34 
12/1/2020,$133.90 ,29757128,$134.92 ,$135.29 ,$132.28 
11/30/2020,$134.02 ,28695200,$132.65 ,$134.13 ,$129.72 
11/27/2020,$132.61 ,16727520,$133.75 ,$134.08 ,$131.71 
11/25/2020,$132.35 ,25991640,$130.33 ,$132.69 ,$130.20 
11/24/2020,$129.58 ,34649996,$131.43 ,$131.62 ,$128.85 
11/23/2020,$131.40 ,36135420,$131.71 ,$133.83 ,$130.16 
11/20/2020,$130.88 ,34108980,$134.54 ,$134.95 ,$130.65 
11/19/2020,$134.40 ,56593440,$132.13 ,$134.88 ,$131 
11/18/2020,$134.29 ,51092520,$134.65 ,$136.06 ,$131.85 
11/17/2020,$134.22 ,31202796,$135.53 ,$135.96 ,$133.04 
11/16/2020,$135.15 ,41377480,$131.73 ,$136.50 ,$131.56 
11/13/2020,$132.97 ,34676232,$136.27 ,$136.69 ,$130.59 
11/12/2020,$134.57 ,36663500,$134.79 ,$137.66 ,$133.16 
11/11/2020,$134.18 ,40474360,$130.54 ,$134.35 ,$129.48 
11/10/2020,$127.70 ,64406720,$136.07 ,$136.07 ,$126.28 
11/9/2020,$136.31 ,58297800,$145.53 ,$146.92 ,$136.11 
11/6/2020,$145.62 ,38334928,$141.10 ,$145.89 ,$138.95 
11/5/2020,$141.60 ,31902832,$141.63 ,$143.39 ,$139.91 
11/4/2020,$137.94 ,41022920,$133.89 ,$138.28 ,$133.37 
11/3/2020,$130.20 ,27290108,$127.09 ,$131.05 ,$126.03 
11/2/2020,$125.81 ,29965264,$126.58 ,$128.37 ,$123.95 
10/30/2020,$125.34 ,41739600,$128.50 ,$129.36 ,$123 
10/29/2020,$130.24 ,32008184,$128.39 ,$131.93 ,$127.50 
10/28/2020,$126.27 ,37651808,$131.98 ,$132.60 ,$126.09 
10/27/2020,$133.97 ,25051968,$133.06 ,$134.42 ,$131.92 
10/26/2020,$131.41 ,33689432,$134.27 ,$136.93 ,$130.39 
10/23/2020,$135.90 ,23348428,$134.50 ,$135.93 ,$132.91 
10/22/2020,$133.61 ,29047944,$135.23 ,$136.12 ,$132.32 
10/21/2020,$135.25 ,21959732,$136.25 ,$137.92 ,$134.78 
10/20/2020,$136.46 ,22921204,$135.84 ,$138.00 ,$135.07 
10/19/2020,$134.98 ,29806856,$139.03 ,$139.84 ,$134.07 
10/16/2020,$138.12 ,24263960,$140.37 ,$141.22 ,$137.93 
10/15/2020,$139.70 ,26722512,$138.11 ,$140.06 ,$137.68 
10/14/2020,$140.95 ,27664712,$142.91 ,$143.43 ,$139.60 
10/13/2020,$142.48 ,34460312,$142.97 ,$143.49 ,$140.19 
10/12/2020,$142.26 ,43474400,$139.90 ,$143.47 ,$139.13 
10/9/2020,$137.63 ,34689092,$137.67 ,$138.24 ,$136.61 
10/8/2020,$138.39 ,37890088,$140.75 ,$140.85 ,$137.58 
10/7/2020,$139.64 ,41808520,$140.00 ,$141.19 ,$138.64 
10/6/2020,$137.37 ,78442000,$138.30 ,$141.42 ,$136.65 
10/5/2020,$136.43 ,47981840,$132.36 ,$136.44 ,$132.23 
10/2/2020,$130.62 ,55249600,$132.25 ,$135.20 ,$130.51 
10/1/2020,$136.15 ,52500240,$137.58 ,$137.63 ,$134.61 
9/30/2020,$135.31 ,68918400,$131.58 ,$136.23 ,$131.50 
9/29/2020,$132.26 ,62300480,$129.38 ,$134.43 ,$129.33 
9/28/2020,$130.35 ,57380920,$130.40 ,$130.52 ,$127.50 
9/25/2020,$128.74 ,58801640,$124.48 ,$128.84 ,$122.46 
9/24/2020,$123.48 ,73124040,$120.72 ,$125.70 ,$120.14 
9/23/2020,$121.24 ,64701240,$125.76 ,$127.27 ,$120.79 
9/22/2020,$126.38 ,64645200,$125.75 ,$126.48 ,$121.56 
9/21/2020,$125.17 ,72104240,$119.25 ,$125.23 ,$119.05 
9/18/2020,$121.89 ,69846200,$125.94 ,$126.33 ,$119.89 
9/17/2020,$124.64 ,79251160,$121.32 ,$125.90 ,$120.35 
9/16/2020,$125.15 ,55759960,$129.57 ,$130.93 ,$125.14 
9/15/2020,$129.91 ,72755640,$132.80 ,$132.99 ,$128.28 
9/14/2020,$128.72 ,120174480,$130.81 ,$133.15 ,$126.31 
9/11/2020,$121.65 ,63692680,$124.86 ,$126.53 ,$118.96 
9/10/2020,$123.12 ,69868440,$129.89 ,$130.65 ,$121.67 
9/9/2020,$127.15 ,73619840,$124 ,$128.09 ,$122.32 
9/8/2020,$119.13 ,79572960,$117.35 ,$125.50 ,$117.04 
9/4/2020,$126.23 ,146368280,$127.84 ,$131.75 ,$117.05 
9/3/2020,$130.16 ,94512600,$138.29 ,$138.85 ,$128.79 
9/2/2020,$143.47 ,87401280,$147.04 ,$147.27 ,$139 
9/1/2020,$138.21 ,51247400,$134.80 ,$139.94 ,$134.37 
8/31/2020,$133.75 ,50084120,$131.83 ,$135.75 ,$130.38 
8/28/2020,$131.48 ,53715840,$126.75 ,$131.48 ,$126.43 
8/27/2020,$126.28 ,31760292,$127.82 ,$128.50 ,$125.66 
8/26/2020,$127.73 ,32124292,$127.99 ,$128.68 ,$126.78 
8/25/2020,$127.50 ,28907680,$126.31 ,$127.61 ,$125.74 
8/24/2020,$127.20 ,49056440,$128.84 ,$129.13 ,$125.08 
8/21/2020,$126.84 ,99986960,$122.02 ,$128.09 ,$121.95 
8/20/2020,$121.41 ,92138640,$119.75 ,$123.75 ,$118.79 
8/19/2020,$121.39 ,62262240,$122.97 ,$123.15 ,$120.98 
8/18/2020,$122.61 ,50344640,$124.50 ,$124.96 ,$120.86 
8/17/2020,$123.37 ,62130080,$118.51 ,$124.10 ,$118.17 
8/14/2020,$115.64 ,36643616,$115.30 ,$117.05 ,$114.41 
8/13/2020,$114.43 ,37445956,$115.46 ,$117.22 ,$113.56 
8/12/2020,$114.40 ,46494280,$109.91 ,$114.67 ,$109.58 
8/11/2020,$108.50 ,35451052,$110.74 ,$111.37 ,$107.96 
8/10/2020,$111.65 ,42779600,$113.34 ,$114.08 ,$108.57 
8/7/2020,$112.00 ,34251596,$113.13 ,$115.05 ,$110.38 
8/6/2020,$113.36 ,24431568,$113.50 ,$113.58 ,$111.79 
8/5/2020,$112.87 ,25049972,$112.44 ,$113.72 ,$111.66 
8/4/2020,$112.28 ,31033560,$110.50 ,$112.28 ,$109.06 
8/3/2020,$110.10 ,41301840,$107.33 ,$110.99 ,$107.15 
7/31/2020,$106.15 ,38628600,$105.63 ,$107.67 ,$104.33 
7/30/2020,$106.14 ,30888016,$103.75 ,$106.23 ,$102.95 
7/29/2020,$104.66 ,28450768,$103.91 ,$105.16 ,$103.47 
7/28/2020,$102.16 ,27163604,$103.74 ,$103.82 ,$102.09 
7/27/2020,$104.22 ,29213020,$102.32 ,$104.42 ,$102.18 
7/24/2020,$101.95 ,47329200,$98.75 ,$103.65 ,$97.77 
7/23/2020,$101.30 ,41166120,$104.50 ,$105.47 ,$100.31 
7/22/2020,$104.39 ,36729084,$103.68 ,$106.03 ,$102.92 
7/21/2020,$103.29 ,27766684,$105.13 ,$105.60 ,$102.87 
7/20/2020,$105.11 ,28485084,$102.74 ,$105.31 ,$101.57 
7/17/2020,$102.02 ,26628464,$102.26 ,$102.49 ,$100.88 
7/16/2020,$101.35 ,34496472,$100.15 ,$102.07 ,$98.96 
7/15/2020,$102.27 ,40398480,$104.14 ,$104.33 ,$100.56 
7/14/2020,$103.77 ,54267440,$100.75 ,$104.03 ,$97.86 
7/13/2020,$100.52 ,45707480,$105.95 ,$107.92 ,$100.25 
7/10/2020,$104.79 ,49767480,$105.89 ,$106.55 ,$103.79 
7/9/2020,$105.09 ,49454720,$103.80 ,$105.70 ,$102.34 
7/8/2020,$102.16 ,36548052,$99.94 ,$102.25 ,$99.66 
7/7/2020,$98.72 ,35779972,$99.46 ,$100.70 ,$98.51 
7/6/2020,$98.39 ,31589372,$97.42 ,$99.09 ,$97.13 
7/2/2020,$96.12 ,36405408,$96.39 ,$97.38 ,$95.78 
7/1/2020,$95.30 ,32664680,$95.21 ,$95.76 ,$94.13 
6/30/2020,$94.98 ,36789200,$93.14 ,$95.26 ,$92.67 
6/29/2020,$92 ,34224812,$91.70 ,$92.05 ,$89 
6/26/2020,$91.55 ,59208560,$95 ,$95 ,$91.25 
6/25/2020,$94.90 ,37607200,$93.56 ,$95.05 ,$91.82 
6/24/2020,$92.36 ,44937080,$94.76 ,$95.56 ,$91.45 
6/23/2020,$94.50 ,37510740,$95.51 ,$96.43 ,$94.08 
6/22/2020,$95.27 ,39846648,$93 ,$95.31 ,$92.73 
6/19/2020,$92.61 ,52416040,$92.43 ,$94.45 ,$92.27 
6/18/2020,$92.18 ,25440952,$92.27 ,$92.83 ,$91.15 
6/17/2020,$92.36 ,40830560,$91.14 ,$92.99 ,$90.70 
6/16/2020,$90.69 ,53571520,$92.25 ,$92.67 ,$88.39 
6/15/2020,$91.74 ,40000200,$88.15 ,$91.82 ,$87.44 
6/12/2020,$89.33 ,57090800,$91.63 ,$91.87 ,$87.03 
6/11/2020,$87.96 ,58365040,$91.50 ,$92.61 ,$87.86 
6/10/2020,$93.67 ,63218160,$91.68 ,$95 ,$91.54 
6/9/2020,$90.46 ,46848880,$88 ,$91.10 ,$87.51 
6/8/2020,$88.05 ,38773724,$88.77 ,$88.90 ,$86.86 
6/5/2020,$89.20 ,48174600,$87.95 ,$89.97 ,$87.08 
6/4/2020,$87.67 ,42427840,$87.28 ,$89.43 ,$86.78 
6/3/2020,$87.70 ,36543888,$88.22 ,$88.66 ,$87 
6/2/2020,$88.25 ,39132056,$87.96 ,$88.37 ,$86.58 
6/1/2020,$88.06 ,39051100,$88.33 ,$88.41 ,$86.90 
5/29/2020,$88.76 ,74591960,$85.55 ,$88.76 ,$84.85 
5/28/2020,$84.87 ,73612800,$84.12 ,$87.61 ,$83.79 
5/27/2020,$85.25 ,117589240,$86.25 ,$86.33 ,$79.97 
5/26/2020,$87.18 ,77077920,$91.57 ,$91.82 ,$86.72 
5/22/2020,$90.26 ,103876520,$88.25 ,$90.93 ,$87.13 
5/21/2020,$87.75 ,76106960,$90.52 ,$90.52 ,$87.38 
5/20/2020,$89.70 ,58753640,$89.91 ,$90.43 ,$88.89 
5/19/2020,$88.06 ,71732200,$87.90 ,$90.88 ,$87.63 
5/18/2020,$87.50 ,77640360,$87.61 ,$89.17 ,$86.81 
5/15/2020,$84.91 ,98766160,$78.90 ,$85.01 ,$78.74 
5/14/2020,$80.31 ,60231240,$78.42 ,$80.36 ,$76.88 
5/13/2020,$77.80 ,62585000,$79.18 ,$80.79 ,$75.95 
5/12/2020,$78.03 ,49305920,$81.24 ,$81.73 ,$77.93 
5/11/2020,$80.66 ,46906000,$78.08 ,$81.13 ,$77.79 
5/8/2020,$78.13 ,33990712,$76.94 ,$78.19 ,$76.60 
5/7/2020,$76.22 ,37373052,$75.85 ,$76.85 ,$75.33 
5/6/2020,$74.45 ,32346556,$74.23 ,$75.50 ,$73.85 
5/5/2020,$73.44 ,36889564,$73.87 ,$75.07 ,$72.82 
5/4/2020,$72.82 ,31755520,$70.22 ,$72.96 ,$70.22 
5/1/2020,$70.70 ,34209780,$71.09 ,$72.23 ,$70.21 
4/30/2020,$73.07 ,37591772,$74.07 ,$74.62 ,$72.93 
4/29/2020,$74.62 ,37916188,$74.19 ,$75.15 ,$73.44 
4/28/2020,$72.84 ,44290400,$75.75 ,$76.05 ,$72.79 
4/27/2020,$74.27 ,47938800,$73.75 ,$75.88 ,$73.50 
4/24/2020,$72.40 ,35264548,$70.90 ,$72.42 ,$70.15 
4/23/2020,$71.00 ,42415960,$71.96 ,$73.28 ,$70.75 
4/22/2020,$71.54 ,48472920,$69.31 ,$71.97 ,$68.85 
4/21/2020,$67.38 ,73516000,$70.58 ,$71.19 ,$66.78 
4/20/2020,$71.76 ,44938840,$71.81 ,$73.38 ,$71.32 
4/17/2020,$73.08 ,53912200,$74.50 ,$74.72 ,$71.74 
4/16/2020,$73.68 ,74562040,$71.77 ,$74.75 ,$71.64 
4/15/2020,$70.21 ,36614884,$69.30 ,$71.04 ,$68.85 
4/14/2020,$70.99 ,53094680,$68.75 ,$71.33 ,$68.47 
4/13/2020,$67.46 ,39840728,$65.14 ,$67.55 ,$64.25 
4/9/2020,$65.74 ,52624800,$68 ,$68.23 ,$65.11 
4/8/2020,$66.74 ,54244440,$65.85 ,$66.99 ,$65.15 
4/7/2020,$64.76 ,78452200,$69.33 ,$69.56 ,$64.33 
4/6/2020,$67.10 ,72788240,$63.81 ,$67.47 ,$63.23 
4/3/2020,$60.98 ,66321400,$63.49 ,$63.91 ,$59.60 
4/2/2020,$63.87 ,67576440,$61.06 ,$64 ,$60.58 
4/1/2020,$60.77 ,65691320,$63.91 ,$65.38 ,$60.32 
3/31/2020,$65.90 ,94996040,$66.80 ,$68.85 ,$64.44 
3/30/2020,$66.40 ,60225000,$63.84 ,$66.49 ,$63.40 
3/27/2020,$63.18 ,63882960,$62.50 ,$65.78 ,$62.17 
3/26/2020,$64.31 ,69758760,$63.49 ,$65.56 ,$62.50 
3/25/2020,$61.41 ,79343080,$63.45 ,$65.46 ,$60.92 
3/24/2020,$62.30 ,110164400,$57.25 ,$63.17 ,$57.01 
3/23/2020,$53.17 ,64387480,$51.43 ,$54.12 ,$49.63 
3/20/2020,$51.44 ,80463400,$54.75 ,$57.58 ,$51.28 
3/19/2020,$53.24 ,76551400,$50.49 ,$54.18 ,$48.35 
3/18/2020,$50.71 ,87426640,$50.02 ,$52.49 ,$45.17 
3/17/2020,$54.32 ,83363200,$50.23 ,$55.22 ,$47.75 
3/16/2020,$49.10 ,72697200,$53.10 ,$56.53 ,$48.50 
3/13/2020,$60.21 ,63483760,$57.63 ,$60.26 ,$54.90 
3/12/2020,$54.08 ,81654160,$56.37 ,$59.03 ,$53.95 
3/11/2020,$61.62 ,50206760,$63.86 ,$64.15 ,$60.64 
3/10/2020,$65.27 ,58064880,$64.14 ,$65.27 ,$61.50 
3/9/2020,$61.36 ,61415840,$59.98 ,$64.85 ,$59.55 
3/6/2020,$66.51 ,51541240,$66.52 ,$67.10 ,$64.50 
3/5/2020,$68.32 ,54032760,$69.13 ,$70.80 ,$67.88 
3/4/2020,$71.13 ,59740720,$67.55 ,$71.22 ,$66.80 
3/3/2020,$66.47 ,65279320,$69.67 ,$70.27 ,$65.62 
3/2/2020,$69.11 ,89074560,$69.23 ,$69.40 ,$65.25 
2/28/2020,$67.52 ,113467520,$60.61 ,$68.12 ,$60.45 
2/27/2020,$63.15 ,90641480,$63.73 ,$66.75 ,$62.22 
2/26/2020,$66.91 ,74966160,$65.52 ,$68.86 ,$65.50 
2/25/2020,$65.51 ,105549760,$69.08 ,$69.70 ,$64.49 
2/24/2020,$68.32 ,85691480,$67.55 ,$70.47 ,$67 
2/21/2020,$73.52 ,76929320,$76.05 ,$76.30 ,$72.67 
2/20/2020,$77.18 ,81005040,$78.19 ,$79.08 ,$74.09 
2/19/2020,$78.68 ,69433120,$75.37 ,$78.85 ,$75.37 
2/18/2020,$74.14 ,62188120,$71.41 ,$74.33 ,$71.22 
2/14/2020,$72.45 ,104192360,$71.82 ,$73.74 ,$71.50 
2/13/2020,$67.70 ,52801520,$67.55 ,$68.37 ,$67.28 
2/12/2020,$68.14 ,37464472,$67.50 ,$68.20 ,$67.11 
2/11/2020,$66.97 ,63855680,$66.83 ,$68.13 ,$66.21 
2/10/2020,$65.74 ,52960760,$63.13 ,$65.75 ,$63.08 
2/7/2020,$62.90 ,18975212,$63.16 ,$63.38 ,$62.64 
2/6/2020,$63.56 ,21828204,$63.04 ,$63.56 ,$62.22 
2/5/2020,$62.69 ,20822008,$63.00 ,$63.10 ,$61.85 
2/4/2020,$61.78 ,27154356,$61.51 ,$61.98 ,$61.01 
2/3/2020,$60.08 ,25592820,$58.93 ,$60.28 ,$58.86 
1/31/2020,$59.11 ,37041972,$60.99 ,$61.11 ,$58.69 
1/30/2020,$61.45 ,29050360,$60.40 ,$61.59 ,$59.85 
1/29/2020,$61.39 ,25945116,$61.85 ,$62.21 ,$60.99 
1/28/2020,$61.99 ,31097604,$60.71 ,$62.32 ,$60.18 
1/27/2020,$60.05 ,47053400,$59.56 ,$60.56 ,$58.06 
1/24/2020,$62.62 ,37351356,$64.38 ,$64.88 ,$62.08 
1/23/2020,$63.22 ,24451444,$62.93 ,$63.30 ,$62.04 
1/22/2020,$62.51 ,23923868,$62.44 ,$63.40 ,$62.25 
1/21/2020,$61.99 ,21791700,$61.95 ,$62.32 ,$61.64 
1/17/2020,$62.32 ,25379056,$62.43 ,$62.50 ,$61.84 
1/16/2020,$62.23 ,28419164,$61.93 ,$62.29 ,$61.69 
1/15/2020,$61.39 ,26310544,$61.95 ,$62.17 ,$61.13 
1/14/2020,$61.82 ,35957932,$62.57 ,$62.82 ,$61.69 
1/13/2020,$63.00 ,32033804,$61.92 ,$63.25 ,$61.69 
1/10/2020,$61.08 ,31646240,$61.83 ,$62.14 ,$60.94 
1/9/2020,$60.76 ,25544212,$60.96 ,$61.48 ,$60.21 
1/8/2020,$60.10 ,27724068,$59.94 ,$60.51 ,$59.54 
1/7/2020,$59.98 ,31920576,$59.55 ,$60.44 ,$59.10 
1/6/2020,$59.27 ,26291248,$58.08 ,$59.32 ,$57.82 
1/3/2020,$59.02 ,20577232,$58.78 ,$59.46 ,$58.53 
1/2/2020,$59.98 ,23767876,$59.69 ,$59.98 ,$59.18 
12/31/2019,$58.83 ,23121132,$57.73 ,$58.92 ,$57.53 
12/30/2019,$58.08 ,25824712,$59.00 ,$59.05 ,$57.77 
12/27/2019,$59.22 ,25481004,$59.95 ,$60.09 ,$58.95 
12/26/2019,$59.80 ,18321804,$59.69 ,$60.08 ,$59.50 
12/24/2019,$59.66 ,13886388,$59.55 ,$59.83 ,$59.21 
12/23/2019,$59.71 ,35539260,$60.13 ,$60.45 ,$59.60 
12/20/2019,$59.84 ,60338440,$59.53 ,$60.10 ,$59.34 
12/19/2019,$58.87 ,45310680,$57.73 ,$59 ,$57.68 
12/18/2019,$57.38 ,34427876,$57.42 ,$57.99 ,$57.34 
12/17/2019,$57.07 ,32326392,$56.48 ,$57.30 ,$56.38 
12/16/2019,$56.29 ,32130736,$56.48 ,$57.02 ,$56.19 
12/13/2019,$56.00 ,45496720,$56.05 ,$57.25 ,$55.46 
12/12/2019,$56.02 ,40608320,$54.05 ,$56.20 ,$53.96 
12/11/2019,$54.34 ,23400988,$53.60 ,$54.39 ,$53.58 
12/10/2019,$53.50 ,25668912,$53.35 ,$54.02 ,$52.82 
12/9/2019,$53.04 ,21513280,$52.81 ,$53.59 ,$52.73 
12/6/2019,$53.04 ,23241828,$52.88 ,$53.37 ,$52.78 
12/5/2019,$52.19 ,18513776,$52.58 ,$52.73 ,$51.88 
12/4/2019,$52.36 ,27361836,$52.76 ,$52.98 ,$52.07 
12/3/2019,$51.92 ,47414600,$50.47 ,$51.96 ,$50.09 
12/2/2019,$52.31 ,37386968,$54.12 ,$54.25 ,$52.16 
11/29/2019,$54.19 ,14155696,$54.25 ,$54.54 ,$53.95 
11/27/2019,$54.56 ,21642872,$54.67 ,$55.01 ,$54.30 
11/26/2019,$54.25 ,38568092,$55.13 ,$55.17 ,$54.19 
11/25/2019,$55.30 ,50734760,$54.01 ,$55.35 ,$53.88 
11/22/2019,$52.72 ,22409880,$52.77 ,$53.24 ,$52.49 
11/21/2019,$52.55 ,28838920,$52.75 ,$53.31 ,$52.33 
11/20/2019,$52.80 ,47301760,$51.77 ,$53.64 ,$51.64 
11/19/2019,$52.00 ,41538040,$52.76 ,$53.00 ,$51.41 
11/18/2019,$53.07 ,57531840,$50.97 ,$53.34 ,$50.94 
11/15/2019,$51.05 ,105421640,$52.43 ,$52.95 ,$50.16 
11/14/2019,$52.45 ,52700680,$52.23 ,$52.47 ,$51.63 
11/13/2019,$52.14 ,30236496,$52.09 ,$52.37 ,$51.48 
11/12/2019,$52.40 ,28383884,$52.43 ,$52.97 ,$52.08 
11/11/2019,$52.05 ,24378944,$51.94 ,$52.28 ,$51.07 
11/8/2019,$51.95 ,18940748,$51.92 ,$52.26 ,$51.54 
11/7/2019,$52.09 ,28033992,$52.78 ,$52.93 ,$51.64 
11/6/2019,$51.91 ,26901340,$52.16 ,$52.42 ,$51.03 
11/5/2019,$52.40 ,30086848,$52.62 ,$52.89 ,$51.92 
11/4/2019,$52.63 ,37671620,$51.46 ,$52.75 ,$51.23 
11/1/2019,$50.65 ,28363824,$49.90 ,$50.97 ,$49.65 
10/31/2019,$50.26 ,20973260,$50.54 ,$50.75 ,$49.45 
10/30/2019,$50.75 ,20596152,$51 ,$51.06 ,$50.07 
10/29/2019,$50.73 ,21123680,$51.56 ,$51.62 ,$50.54 
10/28/2019,$51.70 ,33079164,$51.58 ,$52.23 ,$51.28 
10/25/2019,$51.14 ,42309160,$50.03 ,$51.35 ,$49.95 
10/24/2019,$49.22 ,23903732,$49.19 ,$49.55 ,$48.85 
10/23/2019,$48.77 ,28577000,$48.08 ,$48.92 ,$47.76 
10/22/2019,$48.90 ,33736912,$49.58 ,$50.63 ,$48.83 
10/21/2019,$49.00 ,26696724,$48.24 ,$49.14 ,$48.05 
10/18/2019,$47.62 ,30762420,$48.58 ,$48.91 ,$46.88 
10/17/2019,$48.57 ,26431696,$49 ,$49.45 ,$48.03 
10/16/2019,$48.55 ,43275320,$48.75 ,$49.81 ,$48.44 
10/15/2019,$49.09 ,66798520,$47.54 ,$49.82 ,$47.40 
10/14/2019,$46.63 ,21033576,$46.41 ,$46.84 ,$46.10 
10/11/2019,$46.50 ,45086680,$46.60 ,$47.34 ,$46.41 
10/10/2019,$45.76 ,32751556,$45.16 ,$46.27 ,$45.10 
10/9/2019,$45.18 ,30788328,$45.08 ,$45.68 ,$44.79 
10/8/2019,$44.31 ,44934280,$45.16 ,$45.16 ,$44.13 
10/7/2019,$46.08 ,48831360,$46.15 ,$47.09 ,$46.06 
10/4/2019,$45.49 ,26796020,$45.35 ,$45.79 ,$44.70 
10/3/2019,$45.33 ,46273080,$43.31 ,$45.39 ,$43 
10/2/2019,$43.26 ,29566176,$43.28 ,$43.40 ,$42.53 
10/1/2019,$43.50 ,36756600,$43.75 ,$45.25 ,$43.45 
9/30/2019,$43.52 ,19319908,$43.20 ,$43.62 ,$42.89 
9/27/2019,$42.94 ,36595896,$43.92 ,$44.43 ,$42.33 
9/26/2019,$44.34 ,23782592,$44.46 ,$44.55 ,$43.82 
9/25/2019,$44.56 ,31310688,$43.13 ,$44.76 ,$42.68 
9/24/2019,$43.13 ,32124180,$44.03 ,$44.32 ,$42.78 
9/23/2019,$43.71 ,25582588,$43.18 ,$44.17 ,$43.14 
9/20/2019,$43.17 ,35725180,$44.23 ,$44.46 ,$43.07 
9/19/2019,$44.24 ,25634276,$45.06 ,$45.24 ,$44.13 
9/18/2019,$45.00 ,26403768,$45.20 ,$45.36 ,$44.13 
9/17/2019,$45.27 ,22847312,$45.12 ,$45.31 ,$44.65 
9/16/2019,$45.05 ,23183184,$44.73 ,$45.40 ,$44.63 
9/13/2019,$45.49 ,32459148,$45.40 ,$45.77 ,$45.05 
9/12/2019,$46.07 ,32784100,$46.55 ,$47.10 ,$45.99 
9/11/2019,$46.08 ,36151128,$45.94 ,$46.57 ,$45.65 
9/10/2019,$45.80 ,35281220,$44.80 ,$46.06 ,$44.70 
9/9/2019,$45.13 ,41752520,$44.98 ,$46.00 ,$44.96 
9/6/2019,$44.66 ,37697676,$44.70 ,$45.27 ,$44.28 
9/5/2019,$44.94 ,69648520,$43.22 ,$45.00 ,$43.20 
9/4/2019,$42.19 ,22812036,$41.65 ,$42.27 ,$41.65 
9/3/2019,$41.04 ,29651080,$41.15 ,$41.48 ,$40.81 
8/30/2019,$41.88 ,29090848,$42.22 ,$42.72 ,$41.70 
8/29/2019,$41.75 ,35837304,$41.23 ,$42.08 ,$41.19 
8/28/2019,$40.31 ,25582812,$40.15 ,$40.84 ,$39.75 
8/27/2019,$40.45 ,29154956,$41.75 ,$41.78 ,$40.16 
8/26/2019,$41.36 ,31859416,$41.40 ,$41.65 ,$40.98 
8/23/2019,$40.61 ,56949720,$42.10 ,$42.65 ,$40.41 
8/22/2019,$42.87 ,30375672,$42.91 ,$43.33 ,$42.48 
8/21/2019,$42.81 ,42791080,$42.63 ,$43.36 ,$42.42 
8/20/2019,$41.97 ,46352160,$42.64 ,$42.65 ,$41.76 
8/19/2019,$42.70 ,81632240,$41.03 ,$42.86 ,$40.87 
8/16/2019,$39.89 ,101538520,$39.84 ,$40.39 ,$39.22 
8/15/2019,$37.19 ,55446200,$37.71 ,$37.91 ,$36.85 
8/14/2019,$37.52 ,41988120,$38.13 ,$38.24 ,$37.08 
8/13/2019,$39.01 ,36051244,$37.85 ,$39.48 ,$37.46 
8/12/2019,$37.86 ,27920048,$38.02 ,$38.55 ,$37.64 
8/9/2019,$38.55 ,34181672,$39.15 ,$39.19 ,$38.04 
8/8/2019,$39.57 ,30929888,$39.05 ,$39.58 ,$38.48 
8/7/2019,$38.47 ,37256180,$37.48 ,$38.59 ,$37.30 
8/6/2019,$38.09 ,36127068,$38.45 ,$38.91 ,$37.61 
8/5/2019,$37.70 ,58915760,$38.45 ,$38.46 ,$37.23 
8/2/2019,$40.30 ,42834920,$40.30 ,$41.00 ,$39.82 
8/1/2019,$41.23 ,42121240,$42.29 ,$43.20 ,$40.71 
7/31/2019,$42.18 ,35941564,$43.55 ,$43.55 ,$41.76 
7/30/2019,$43.86 ,19777044,$43.24 ,$43.99 ,$43.09 
7/29/2019,$43.71 ,24816196,$43.70 ,$43.87 ,$42.82 
7/26/2019,$43.77 ,27415988,$43.62 ,$44.24 ,$43.62 
7/25/2019,$43.35 ,39269812,$44.25 ,$44.38 ,$43.11 
7/24/2019,$44.67 ,36623748,$44.35 ,$44.72 ,$43.59 
7/23/2019,$43.92 ,42817640,$43.23 ,$43.94 ,$43.07 
7/22/2019,$42.83 ,31593992,$42.33 ,$42.96 ,$42.25 
7/19/2019,$42.11 ,34489580,$42.93 ,$43.00 ,$42.05 
7/18/2019,$42.55 ,44317880,$42.53 ,$43.18 ,$41.96 
7/17/2019,$42.43 ,34820428,$41.79 ,$42.50 ,$41.49 
7/16/2019,$41.77 ,34144392,$41.67 ,$42.04 ,$41.21 
7/15/2019,$41.82 ,28983972,$42.12 ,$42.28 ,$41.53 
7/12/2019,$41.90 ,50639280,$41.85 ,$42.62 ,$41.85 
7/11/2019,$41.57 ,68255840,$40.75 ,$41.98 ,$40.38 
7/10/2019,$40.02 ,45207600,$39.77 ,$40.59 ,$39.63 
7/9/2019,$39.33 ,34286048,$38.88 ,$39.61 ,$38.75 
7/8/2019,$39.30 ,32978676,$39.46 ,$39.65 ,$39 
7/5/2019,$40.06 ,39655388,$40.10 ,$40.15 ,$39.42 
7/3/2019,$40.69 ,24663424,$40.79 ,$40.85 ,$40.09 
7/2/2019,$40.56 ,40022760,$41.38 ,$41.59 ,$40.43 
7/1/2019,$41.54 ,71153320,$43.14 ,$43.49 ,$41.17 
6/28/2019,$41.06 ,39766636,$41.25 ,$41.34 ,$40.59 
6/27/2019,$40.81 ,44544160,$40.68 ,$41 ,$40.32 
6/26/2019,$39.82 ,58407320,$39.15 ,$40.43 ,$39.02 
6/25/2019,$37.87 ,31186644,$38.22 ,$38.97 ,$37.84 
6/24/2019,$38.17 ,28294872,$38.16 ,$38.46 ,$37.68 
6/21/2019,$37.94 ,43442680,$38.38 ,$38.87 ,$37.88 
6/20/2019,$38.53 ,35016728,$39.19 ,$39.33 ,$38.38 
6/19/2019,$38.28 ,33164396,$38.58 ,$38.69 ,$38.02 
6/18/2019,$38.22 ,58191800,$36.88 ,$38.78 ,$36.77 
6/17/2019,$36.26 ,27604148,$36.14 ,$36.63 ,$35.91 
6/14/2019,$36.16 ,39442624,$36.13 ,$36.37 ,$35.71 
6/13/2019,$37.07 ,30808108,$36.77 ,$37.25 ,$36.60 
6/12/2019,$36.55 ,35889192,$37.25 ,$37.31 ,$36.40 
6/11/2019,$37.69 ,38387004,$37.71 ,$38.09 ,$37.29 
6/10/2019,$37.11 ,40278080,$36.94 ,$37.80 ,$36.94 
6/7/2019,$36.38 ,34885752,$36.01 ,$36.72 ,$35.81 
6/6/2019,$35.95 ,40813840,$35.36 ,$36.19 ,$35.34 
6/5/2019,$35.32 ,51161560,$36.49 ,$36.55 ,$34.96 
6/4/2019,$35.75 ,64183560,$34.09 ,$35.80 ,$33.87 
6/3/2019,$33.45 ,47864320,$33.98 ,$34.37 ,$33.15 
5/31/2019,$33.87 ,38971968,$34.29 ,$34.61 ,$33.85 
5/30/2019,$34.78 ,39429960,$35.08 ,$35.44 ,$34.39 
5/29/2019,$35.09 ,55980160,$35.35 ,$35.71 ,$34.74 
5/28/2019,$35.83 ,42835400,$36.47 ,$36.80 ,$35.81 
5/24/2019,$36.29 ,35758528,$37.02 ,$37.38 ,$36.22 
5/23/2019,$36.83 ,59184440,$37.42 ,$37.42 ,$36.23 
5/22/2019,$38.05 ,32586960,$38.38 ,$38.64 ,$37.94 
5/21/2019,$38.77 ,36184988,$38.55 ,$38.93 ,$38.16 
5/20/2019,$37.94 ,57206520,$38.14 ,$38.69 ,$37.69 
5/17/2019,$39.13 ,102206800,$39.63 ,$40.93 ,$38.74 
5/16/2019,$40.05 ,78108800,$39.84 ,$40.48 ,$39.41 
5/15/2019,$39.90 ,50232000,$39.95 ,$40.26 ,$39.35 
5/14/2019,$40.51 ,52487880,$40.01 ,$40.87 ,$39.62 
5/13/2019,$39.61 ,65691280,$40.88 ,$41.11 ,$39.45 
5/10/2019,$42.21 ,56949800,$42.24 ,$42.90 ,$41 
5/9/2019,$42.55 ,66024640,$42.79 ,$42.88 ,$41.35 
5/8/2019,$43.48 ,41916600,$43 ,$44.29 ,$42.88 
5/7/2019,$43.28 ,55521840,$44.48 ,$44.48 ,$42.79 
5/6/2019,$44.96 ,42217800,$43.88 ,$45.09 ,$43.50 
5/3/2019,$45.75 ,33682348,$45.88 ,$45.98 ,$45.13 
5/2/2019,$45.80 ,39468540,$45.22 ,$46.22 ,$44.78 
5/1/2019,$45.12 ,35428124,$45.78 ,$46.20 ,$45.12 
4/30/2019,$45.25 ,36160960,$44.51 ,$45.51 ,$44.32 
4/29/2019,$44.83 ,39102276,$44.60 ,$45.11 ,$43.88 
4/26/2019,$44.52 ,86841240,$45.18 ,$45.22 ,$43.33 
4/25/2019,$46.73 ,49129880,$47.39 ,$47.61 ,$45.93 
4/24/2019,$47.79 ,30927444,$47.77 ,$48.20 ,$47.16 
4/23/2019,$47.67 ,33111560,$47.25 ,$47.98 ,$47.15 
4/22/2019,$47.12 ,27932344,$46.34 ,$47.28 ,$46.02 
4/18/2019,$46.58 ,35134452,$46.89 ,$47.23 ,$46.30 
4/17/2019,$46.82 ,31573800,$47.41 ,$47.62 ,$46.60 
4/16/2019,$47.05 ,39425128,$46.57 ,$47.24 ,$46.24 
4/15/2019,$46.18 ,43949600,$47.43 ,$47.48 ,$45.78 
4/12/2019,$47.50 ,47125480,$48.28 ,$48.32 ,$47.42 
4/11/2019,$47.89 ,37386660,$48.05 ,$48.37 ,$47.39 
4/10/2019,$48.03 ,44029320,$47.31 ,$48.29 ,$47.26 
4/9/2019,$47.32 ,43634680,$47.61 ,$47.72 ,$46.89 
4/8/2019,$47.95 ,42347440,$47.43 ,$48.20 ,$47.19 
4/5/2019,$47.74 ,48097200,$47.50 ,$47.91 ,$47.13 
4/4/2019,$47.07 ,45250680,$47 ,$47.49 ,$46.43 
4/3/2019,$47.16 ,78325560,$46.25 ,$47.75 ,$46.20 
4/2/2019,$45.75 ,43928840,$45.81 ,$46.20 ,$45.38 
4/1/2019,$45.57 ,48044400,$45.82 ,$45.88 ,$45.09 
3/29/2019,$44.89 ,45628080,$44.99 ,$45.14 ,$44.48 
3/28/2019,$44.31 ,45077560,$44.39 ,$44.98 ,$43.78 
3/27/2019,$44.13 ,47332880,$44.48 ,$44.94 ,$43.43 
3/26/2019,$44.22 ,69976480,$44.87 ,$45.44 ,$43.65 
3/25/2019,$43.45 ,52334400,$43.97 ,$44.61 ,$42.78 
3/22/2019,$44.38 ,74602480,$45.71 ,$46.20 ,$44.24 
3/21/2019,$45.99 ,82166960,$43.83 ,$46.25 ,$43.78 
3/20/2019,$43.60 ,71650440,$44.22 ,$44.76 ,$43.25 
3/19/2019,$43.93 ,84957840,$43.19 ,$44.38 ,$43.02 
3/18/2019,$42.24 ,48363800,$42.77 ,$43.31 ,$41.96 
3/15/2019,$42.45 ,66020080,$41.83 ,$42.88 ,$41.79 
3/14/2019,$41.39 ,51851240,$42.25 ,$42.37 ,$41.31 
3/13/2019,$42.16 ,76144640,$41.01 ,$42.45 ,$40.93 
3/12/2019,$40.63 ,57645640,$40.57 ,$41.10 ,$39.80 
3/11/2019,$40.29 ,85172680,$37.90 ,$40.52 ,$37.42 
3/8/2019,$37.66 ,40830440,$36.42 ,$37.77 ,$36.20 
3/7/2019,$37.32 ,44563200,$37.78 ,$37.87 ,$36.85 
3/6/2019,$38.01 ,37291988,$39.04 ,$39.13 ,$37.99 
3/5/2019,$39.13 ,36202300,$39.04 ,$39.51 ,$38.49 
3/4/2019,$39.20 ,40905000,$39.50 ,$39.73 ,$38.63 
3/1/2019,$39.11 ,34449160,$39.07 ,$39.54 ,$38.48 
2/28/2019,$38.57 ,32393096,$38.75 ,$38.98 ,$38.34 
2/27/2019,$38.85 ,49974080,$39.13 ,$39.40 ,$38.28 
2/26/2019,$39.28 ,48759680,$39.63 ,$40.19 ,$38.94 
2/25/2019,$39.67 ,64970280,$40.64 ,$41.32 ,$39.59 
2/22/2019,$39.80 ,40043680,$39.47 ,$39.99 ,$39.33 
2/21/2019,$38.94 ,43574640,$39.77 ,$40.01 ,$38.80 
2/20/2019,$39.64 ,52912760,$39.46 ,$40.32 ,$39.34 
2/19/2019,$39.16 ,55079640,$39.23 ,$39.97 ,$39.04 
2/15/2019,$39.34 ,151518680,$40.74 ,$40.97 ,$39.11 
2/14/2019,$38.63 ,77967640,$38.21 ,$38.92 ,$37.78 
2/13/2019,$38.22 ,60259640,$38.09 ,$38.96 ,$37.95 
2/12/2019,$37.79 ,58876800,$37 ,$37.95 ,$36.86 
2/11/2019,$36.61 ,49320320,$36.60 ,$37.15 ,$36.13 
2/8/2019,$37.04 ,46009960,$36.18 ,$37.15 ,$36.03 
2/7/2019,$36.86 ,63580200,$37.78 ,$37.81 ,$36.42 
2/6/2019,$38.25 ,70174080,$37.82 ,$38.90 ,$37.77 
2/5/2019,$37.49 ,54123160,$37.42 ,$37.86 ,$37.08 
2/4/2019,$37.30 ,52710480,$36.34 ,$37.67 ,$36.12 
2/1/2019,$36.18 ,62366000,$36.13 ,$36.70 ,$35.65 
1/31/2019,$35.94 ,84036560,$34.32 ,$36.30 ,$34.10 
1/30/2019,$34.35 ,96843880,$33.67 ,$34.49 ,$32.87 
1/29/2019,$32.90 ,113196160,$34.04 ,$34.53 ,$32.75 
1/28/2019,$34.50 ,250920160,$34.14 ,$35.41 ,$32.75 
1/25/2019,$40.04 ,115388200,$38.86 ,$40.22 ,$37.83 
1/24/2019,$39.46 ,70378080,$38.18 ,$39.64 ,$38.13 
1/23/2019,$37.32 ,58755360,$37.75 ,$38.65 ,$37.01 
1/22/2019,$37.19 ,66023000,$38.93 ,$39.05 ,$36.89 
1/18/2019,$39.23 ,65000360,$38.43 ,$39.50 ,$37.91 
1/17/2019,$37.93 ,49168560,$36.88 ,$38.33 ,$36.60 
1/16/2019,$37.21 ,46898840,$37.74 ,$38.08 ,$37.15 
1/15/2019,$37.47 ,61604800,$37.94 ,$38.34 ,$37.28 
1/14/2019,$37.61 ,72881160,$36.68 ,$37.87 ,$36.44 
1/11/2019,$37.21 ,87406440,$36.08 ,$37.44 ,$35.80 
1/10/2019,$36.31 ,52226320,$35.45 ,$36.40 ,$34.84 
1/9/2019,$35.65 ,61486480,$35.48 ,$36.12 ,$34.97 
1/8/2019,$34.96 ,78285840,$36.67 ,$36.70 ,$34.23 
1/7/2019,$35.85 ,70497520,$34.63 ,$36.22 ,$34.11 
1/4/2019,$34.05 ,58481800,$32.74 ,$34.43 ,$32.43 
1/3/2019,$32.00 ,69420200,$33.45 ,$33.79 ,$31.92 
1/2/2019,$34.06 ,49925160,$32.66 ,$34.62 ,$32.51 
12/31/2018,$33.38 ,46442160,$33.85 ,$34.18 ,$33.07 
12/28/2018,$33.41 ,62785480,$33 ,$34.35 ,$32.58 
12/27/2018,$32.79 ,63620120,$32.75 ,$33.10 ,$31.30 
12/26/2018,$33.28 ,69376520,$32.24 ,$33.29 ,$31.12 
12/24/2018,$31.77 ,46383920,$31.62 ,$32.50 ,$31.13 
12/21/2018,$32.39 ,86261000,$34.04 ,$34.38 ,$32.12 
12/20/2018,$33.78 ,74839240,$34.54 ,$35.45 ,$33.17 
12/19/2018,$34.63 ,74357760,$36.40 ,$36.94 ,$34.11 
12/18/2018,$36.74 ,56239280,$36.34 ,$37.58 ,$36.06 
12/17/2018,$35.90 ,64945840,$36.31 ,$37.04 ,$35.31 
12/14/2018,$36.61 ,47133360,$36.80 ,$37.65 ,$36.38 
12/13/2018,$37.22 ,47075240,$37.70 ,$38.35 ,$36.86 
12/12/2018,$37.23 ,65327600,$37.11 ,$38.20 ,$36.21 
12/11/2018,$37.05 ,66963640,$38.89 ,$38.97 ,$36.25 
12/10/2018,$37.97 ,61519360,$36.45 ,$38.22 ,$36.41 
12/7/2018,$36.90 ,68088040,$39.62 ,$39.72 ,$36.40 
12/6/2018,$39.57 ,68584320,$37.86 ,$39.62 ,$37.70 
12/4/2018,$39.28 ,80952360,$42.06 ,$42.11 ,$39.13 
12/3/2018,$42.51 ,88921280,$43.15 ,$43.67 ,$41.84 
11/30/2018,$40.86 ,72776280,$39.44 ,$40.97 ,$38.93 
11/29/2018,$39.34 ,54459960,$40 ,$40.38 ,$39.04 
11/28/2018,$40.02 ,80182280,$39.62 ,$40.07 ,$38.28 
11/27/2018,$38.43 ,73395720,$38 ,$39.25 ,$37.64 
11/26/2018,$38.26 ,81261200,$37.47 ,$38.37 ,$36.64 
11/23/2018,$36.25 ,41196840,$35.83 ,$37.40 ,$35.70 
11/21/2018,$36.18 ,102459200,$38.66 ,$38.83 ,$35.90 
11/20/2018,$37.27 ,168965040,$33.52 ,$38.57 ,$33.33 
11/19/2018,$36.18 ,169271840,$40.45 ,$40.46 ,$36.16 
11/16/2018,$41.11 ,196162880,$40.83 ,$42.67 ,$40.40 
11/15/2018,$50.60 ,74224920,$49.24 ,$51.33 ,$48.88 
11/14/2018,$49.30 ,52393320,$51.58 ,$51.72 ,$48.21 
11/13/2018,$49.83 ,64140320,$48.37 ,$51.05 ,$48.31 
11/12/2018,$47.39 ,61486800,$50.50 ,$50.72 ,$47.17 
11/9/2018,$51.42 ,41196400,$50.60 ,$52.33 ,$50.26 
11/8/2018,$51.50 ,51030920,$52.85 ,$52.86 ,$50.96 
11/7/2018,$53.45 ,48219680,$53.44 ,$54.35 ,$52.80 
11/6/2018,$52.77 ,29816144,$52.86 ,$53.71 ,$52.39 
11/5/2018,$52.94 ,37890460,$53.60 ,$53.83 ,$51.32 
11/2/2018,$53.73 ,44456600,$54.43 ,$55.50 ,$52.55 
11/1/2018,$54.53 ,56197240,$53.08 ,$54.62 ,$51.80 
10/31/2018,$52.71 ,74061880,$52.41 ,$53.15 ,$51.00 
10/30/2018,$50.75 ,80438320,$46.64 ,$50.85 ,$46.41 
10/29/2018,$46.41 ,75642680,$51.00 ,$51.03 ,$44.00 
10/26/2018,$49.57 ,66438640,$49.58 ,$51.21 ,$48.28 
10/25/2018,$51.96 ,94829680,$48.87 ,$52.44 ,$48.42 
10/24/2018,$49.85 ,87665080,$54.88 ,$55.35 ,$49.71 
10/23/2018,$55.27 ,62348600,$55.11 ,$56.05 ,$54.18 
10/22/2018,$57.81 ,36822448,$57.82 ,$58.83 ,$56.77 
10/19/2018,$57.29 ,61292840,$60.44 ,$60.64 ,$56.93 
10/18/2018,$59.88 ,52265760,$61.47 ,$61.85 ,$59.27 
10/17/2018,$60.77 ,32902812,$62.09 ,$62.47 ,$60.27 
10/16/2018,$61.46 ,40722960,$59.98 ,$61.57 ,$59.49 
10/15/2018,$58.85 ,44846960,$61.50 ,$61.50 ,$58.84 
10/12/2018,$61.64 ,60484240,$61.38 ,$62.39 ,$59.91 
10/11/2018,$58.78 ,72255240,$60.54 ,$61.89 ,$58.57 
10/10/2018,$61.42 ,67883160,$65.32 ,$65.78 ,$61.40 
10/9/2018,$66.39 ,27329644,$66.24 ,$67.19 ,$65.70 
10/8/2018,$66.44 ,40788000,$66.63 ,$67.79 ,$65.02 
10/5/2018,$67.47 ,42593880,$69.57 ,$70.20 ,$66.89 
10/4/2018,$69.82 ,39062024,$71.32 ,$71.56 ,$69.05 
10/3/2018,$71.68 ,32029056,$72.33 ,$72.41 ,$70.63 
10/2/2018,$71.62 ,38314280,$72.06 ,$73.19 ,$71.40 
10/1/2018,$72.34 ,61798480,$71.04 ,$73.02 ,$70.65 
9/28/2018,$70.26 ,70837760,$68.18 ,$70.48 ,$67.90 
9/27/2018,$66.85 ,21422936,$67.09 ,$67.30 ,$66.53 
9/26/2018,$66.73 ,26813760,$67.15 ,$67.56 ,$66.57 
9/25/2018,$67.10 ,27928420,$67.09 ,$67.36 ,$66.23 
9/24/2018,$66.43 ,29355384,$65.55 ,$66.46 ,$64.67 
9/21/2018,$65.86 ,43243360,$66.69 ,$67.15 ,$65.53 
9/20/2018,$66.57 ,42993200,$66.76 ,$67.19 ,$66.03 
9/19/2018,$68.00 ,22347728,$67.57 ,$68.17 ,$67.06 
9/18/2018,$67.76 ,29920600,$68.52 ,$69.56 ,$67.69 
9/17/2018,$68.48 ,20458336,$68.85 ,$69.35 ,$68.29 
9/14/2018,$69.11 ,38574564,$68.75 ,$69.78 ,$68.38 
9/13/2018,$67.84 ,30482584,$67.72 ,$68.75 ,$67.54 
9/12/2018,$67.05 ,41859160,$67.80 ,$68.00 ,$65.48 
9/11/2018,$68.20 ,24277376,$68.22 ,$69.10 ,$68.01 
9/10/2018,$68.68 ,21999240,$68.19 ,$68.98 ,$67.75 
9/7/2018,$67.97 ,29521280,$67.25 ,$69.23 ,$66.80 
9/6/2018,$68.18 ,32250348,$69.44 ,$69.47 ,$67.85 
9/5/2018,$69.61 ,39283964,$70.75 ,$71.11 ,$68.79 
9/4/2018,$70.93 ,39146012,$70.04 ,$71.31 ,$69.75 
8/31/2018,$70.17 ,30609484,$69.25 ,$70.30 ,$69.15 
8/30/2018,$69.45 ,34546472,$69.31 ,$70.43 ,$69.08 
8/29/2018,$69.62 ,41891400,$68.48 ,$69.88 ,$68.27 
8/28/2018,$68.60 ,47463520,$68.92 ,$69.15 ,$67.38 
8/27/2018,$68.98 ,50423200,$68.36 ,$69.73 ,$68.04 
8/24/2018,$68.06 ,53098200,$66.80 ,$68.20 ,$66.75 
8/23/2018,$66.71 ,71931520,$65.32 ,$67.37 ,$65.18 
8/22/2018,$65.71 ,74711480,$63 ,$65.76 ,$62.97 
8/21/2018,$63.33 ,66834680,$62.13 ,$63.38 ,$61.93 
8/20/2018,$61.96 ,85309840,$60.80 ,$63.30 ,$59.68 
8/17/2018,$61.21 ,114137760,$63.24 ,$63.24 ,$60.93 
8/16/2018,$64.36 ,77137640,$65.48 ,$65.50 ,$63.75 
8/15/2018,$64.77 ,58901880,$65.57 ,$65.91 ,$63.98 
8/14/2018,$65.36 ,45823840,$65.10 ,$65.50 ,$64.26 
8/13/2018,$64.03 ,37363956,$63.79 ,$65.25 ,$63.77 
8/10/2018,$63.70 ,25546328,$63.29 ,$64.03 ,$63.18 
8/9/2018,$64.12 ,20215616,$64.79 ,$64.81 ,$64.04 
8/8/2018,$64.61 ,26158968,$64.25 ,$65.06 ,$63.90 
8/7/2018,$64.24 ,25778204,$64 ,$64.43 ,$63.73 
8/6/2018,$63.51 ,20721824,$62.90 ,$63.54 ,$62.43 
8/3/2018,$63.03 ,21408384,$62.90 ,$63.27 ,$62.73 
8/2/2018,$62.66 ,26867372,$60.90 ,$62.70 ,$60.30 
8/1/2018,$61.62 ,28135724,$61.53 ,$62.09 ,$60.97 
7/31/2018,$61.22 ,28275168,$60.93 ,$61.97 ,$60.54 
7/30/2018,$61.03 ,33954188,$63.15 ,$63.21 ,$60.68 
7/27/2018,$63.01 ,29519444,$64.08 ,$64.15 ,$62.46 
7/26/2018,$63.71 ,32313020,$62.77 ,$64.08 ,$62.60 
7/25/2018,$62.97 ,31689308,$62.27 ,$63.10 ,$61.69 
7/24/2018,$62.18 ,35434428,$62.84 ,$63.71 ,$62 
7/23/2018,$62.35 ,30070956,$62.46 ,$62.47 ,$60.82 
7/20/2018,$62.72 ,22228264,$62.98 ,$63.38 ,$62.61 
7/19/2018,$63.01 ,23374564,$62.74 ,$63.35 ,$62.58 
7/18/2018,$62.93 ,27706840,$63.35 ,$63.49 ,$62.41 
7/17/2018,$63.42 ,36098804,$61.55 ,$63.58 ,$61.30 
7/16/2018,$62.05 ,19579856,$62.05 ,$62.59 ,$61.93 
7/13/2018,$62.33 ,24684572,$63.00 ,$63.00 ,$61.91 
7/12/2018,$62.81 ,34510284,$62.34 ,$63.29 ,$62.24 
7/11/2018,$61.88 ,36653236,$62.38 ,$62.73 ,$61.78 
7/10/2018,$63.31 ,35704832,$62.44 ,$63.54 ,$62.03 
7/9/2018,$62.31 ,30293344,$62.58 ,$62.68 ,$61.52 
7/6/2018,$61.83 ,29609636,$60.44 ,$61.92 ,$60.22 
7/5/2018,$60.68 ,30241116,$59.77 ,$60.73 ,$59.38 
7/3/2018,$59.21 ,22273300,$60.91 ,$60.97 ,$59.13 
7/2/2018,$60.56 ,35359160,$58.52 ,$60.60 ,$58.32 
6/29/2018,$59.23 ,39165848,$60.87 ,$61 ,$59.21 
6/28/2018,$60.22 ,33751032,$58.83 ,$60.34 ,$58.75 
6/27/2018,$58.93 ,45308800,$60.94 ,$61.61 ,$58.88 
6/26/2018,$60.50 ,47808560,$60.93 ,$61.41 ,$59.98 
6/25/2018,$59.78 ,66502760,$61.66 ,$61.70 ,$58.89 
6/22/2018,$62.74 ,43351520,$64.49 ,$64.62 ,$62.58 
6/21/2018,$64.28 ,35865748,$65.90 ,$66.09 ,$64.20 
6/20/2018,$65.58 ,36928024,$65.46 ,$66.11 ,$65.07 
6/19/2018,$65.04 ,59405280,$65.23 ,$65.91 ,$63.76 
6/18/2018,$66.27 ,35554080,$65.87 ,$66.45 ,$65.60 
6/15/2018,$66.32 ,43155000,$66.15 ,$66.87 ,$65.84 
6/14/2018,$66.73 ,42914240,$66.06 ,$67.30 ,$65.91 
6/13/2018,$65.60 ,33366620,$65.66 ,$66.42 ,$65.51 
6/12/2018,$65.65 ,31791484,$65.42 ,$65.77 ,$64.92 
6/11/2018,$65.16 ,26437948,$65.44 ,$65.86 ,$65.03 
6/8/2018,$65.57 ,36022400,$64.99 ,$66 ,$64.80 
6/7/2018,$65.73 ,36897920,$66.25 ,$66.37 ,$64.81 
6/6/2018,$66.29 ,37114352,$65.36 ,$66.32 ,$65.19 
6/5/2018,$66.27 ,39097476,$66.25 ,$66.65 ,$65.79 
6/4/2018,$66.21 ,64072840,$64.75 ,$66.44 ,$64.43 
6/1/2018,$64.41 ,42093040,$63.50 ,$64.47 ,$63.41 
5/31/2018,$63.05 ,49335760,$62.93 ,$63.80 ,$62.82 
5/30/2018,$63.25 ,38969908,$62.49 ,$63.34 ,$62.24 
5/29/2018,$62.15 ,35170708,$62.14 ,$62.84 ,$61.68 
5/25/2018,$62.32 ,29173264,$62.05 ,$62.49 ,$61.69 
5/24/2018,$61.92 ,43564840,$61.85 ,$62.35 ,$61.31 
5/23/2018,$61.89 ,44195680,$60.07 ,$61.90 ,$60.06 
5/22/2018,$60.68 ,51782640,$61.20 ,$61.45 ,$60.06 
5/21/2018,$61.06 ,63766960,$62.47 ,$62.51 ,$60.12 
5/18/2018,$61.49 ,48261400,$62.45 ,$63.09 ,$61.44 
5/17/2018,$61.93 ,51886040,$61.52 ,$62.88 ,$61.36 
5/16/2018,$61.50 ,55193400,$61 ,$62.13 ,$60.63 
5/15/2018,$61.39 ,96109720,$63.20 ,$63.23 ,$60.38 
5/14/2018,$63.84 ,52231360,$64.02 ,$64.62 ,$63.60 
5/11/2018,$63.63 ,121274360,$63.20 ,$64.95 ,$62.64 
5/10/2018,$65.03 ,95583920,$64.48 ,$65.13 ,$64.30 
5/9/2018,$63.95 ,59316600,$62.80 ,$63.97 ,$62.53 
5/8/2018,$62.60 ,50345880,$62.17 ,$62.63 ,$61.68 
5/7/2018,$62.17 ,68623920,$60.82 ,$62.75 ,$60.72 
5/4/2018,$59.77 ,39926184,$57.96 ,$59.80 ,$57.78 
5/3/2018,$58.25 ,44099000,$56.90 ,$58.51 ,$56.44 
5/2/2018,$56.58 ,26755208,$56.75 ,$57.20 ,$56.31 
5/1/2018,$56.79 ,25212028,$56.14 ,$56.81 ,$55.55 
4/30/2018,$56.23 ,32738208,$56.75 ,$57.25 ,$56.03 
4/27/2018,$56.58 ,40020120,$57.38 ,$57.58 ,$56.16 
4/26/2018,$56.31 ,37192852,$55.80 ,$56.39 ,$55.13 
4/25/2018,$54.17 ,58493760,$55 ,$55.39 ,$52.58 
4/24/2018,$55.30 ,41303320,$56.23 ,$57.20 ,$54.64 
4/23/2018,$55.97 ,41254440,$57.36 ,$57.88 ,$55.71 
4/20/2018,$57.18 ,38359668,$57.17 ,$58.03 ,$56.86 
4/19/2018,$57.26 ,47052080,$57.94 ,$58.28 ,$56.70 
4/18/2018,$59.09 ,39036212,$58.88 ,$59.81 ,$58.19 
4/17/2018,$59.39 ,44595240,$58.40 ,$59.60 ,$57.84 
4/16/2018,$57.87 ,34978940,$57.94 ,$58.21 ,$56.92 
4/13/2018,$57.88 ,50230720,$59.29 ,$59.38 ,$57.39 
4/12/2018,$58.65 ,59118400,$57.50 ,$58.83 ,$57.05 
4/11/2018,$56.56 ,45907280,$56.83 ,$57.24 ,$56.23 
4/10/2018,$56.98 ,76228760,$56.18 ,$57.25 ,$55.60 
4/9/2018,$53.85 ,49742920,$54.20 ,$55.49 ,$53.65 
4/6/2018,$53.56 ,66218560,$54.31 ,$55.40 ,$53.27 
4/5/2018,$55.35 ,69611160,$57.15 ,$57.28 ,$54.62 
4/4/2018,$56.56 ,78770160,$53.75 ,$56.67 ,$53.50 
4/3/2018,$56.34 ,66565880,$56.95 ,$57.59 ,$55.34 
4/2/2018,$55.26 ,91789400,$57.19 ,$58.66 ,$54.38 
3/29/2018,$57.90 ,91239840,$56.03 ,$58.88 ,$55.18 
3/28/2018,$55.34 ,94415400,$56.03 ,$57.35 ,$54.25 
3/27/2018,$56.38 ,140479760,$61.94 ,$62.50 ,$54.96 
3/26/2018,$61.12 ,61019840,$59.50 ,$61.13 ,$58.98 
3/23/2018,$58.24 ,73484280,$60.60 ,$60.67 ,$58.13 
3/22/2018,$60.46 ,54858520,$61.50 ,$61.97 ,$60.09 
3/21/2018,$62.14 ,43788160,$62.33 ,$63 ,$61.83 
3/20/2018,$62.40 ,55302120,$60.28 ,$62.79 ,$60.28 
3/19/2018,$60.25 ,70819680,$62.05 ,$62.34 ,$59.25 
3/16/2018,$62.62 ,39890840,$62.50 ,$62.81 ,$62.12 
3/15/2018,$62.34 ,40105280,$62.32 ,$63.16 ,$61.91 
3/14/2018,$62.19 ,50442920,$62.36 ,$62.64 ,$61.56 
3/13/2018,$61.93 ,61815560,$62.87 ,$63.63 ,$61.51 
3/12/2018,$62.44 ,60375160,$61.75 ,$63.25 ,$61.67 
3/9/2018,$61.33 ,50482680,$60.78 ,$61.46 ,$60.61 
3/8/2018,$60.30 ,41371920,$60.74 ,$60.74 ,$59.85 
3/7/2018,$60.46 ,58068880,$59.50 ,$60.99 ,$59.49 
3/6/2018,$60.54 ,62533200,$59.78 ,$60.74 ,$59.34 
3/5/2018,$58.91 ,61956080,$58.63 ,$59.31 ,$57.38 
3/2/2018,$59.14 ,91235520,$56.97 ,$59.20 ,$55.46 
3/1/2018,$58.05 ,103924040,$60.48 ,$61.02 ,$57.03 
2/28/2018,$60.50 ,52074040,$61.63 ,$62.03 ,$60.38 
2/27/2018,$61.52 ,45438720,$61.38 ,$62.23 ,$61.28 
2/26/2018,$61.65 ,46711000,$61.95 ,$62.00 ,$61.02 
2/23/2018,$61.48 ,41381040,$61.14 ,$61.48 ,$60.63 
2/22/2018,$60.54 ,53335960,$60.68 ,$61.41 ,$59.88 
2/21/2018,$60.38 ,84425880,$62.92 ,$62.99 ,$60.34 
2/20/2018,$62.27 ,68470680,$61.19 ,$62.97 ,$61.15 
2/16/2018,$60.96 ,63704160,$61.35 ,$62.50 ,$60.87 
2/15/2018,$61.63 ,69712440,$61.20 ,$62.09 ,$60.38 
2/14/2018,$60.36 ,74269760,$57.75 ,$60.65 ,$57.64 
2/13/2018,$58.16 ,62460640,$56.64 ,$58.63 ,$56.31 
2/12/2018,$57.01 ,109015440,$58.84 ,$58.87 ,$56.26 
2/9/2018,$58.02 ,167267520,$59.56 ,$59.72 ,$54.38 
2/8/2018,$54.38 ,108374240,$58.47 ,$58.81 ,$54.38 
2/7/2018,$57.20 ,80119040,$57.40 ,$58.74 ,$56.68 
2/6/2018,$56.40 ,110582720,$51.10 ,$56.43 ,$51 
2/5/2018,$53.43 ,115905680,$56.75 ,$58.31 ,$51.25 
2/2/2018,$58.38 ,71560320,$59.25 ,$59.49 ,$57.79 
2/1/2018,$60.13 ,51563400,$59.63 ,$61.73 ,$59.52 
1/31/2018,$61.45 ,47628400,$61.44 ,$62.32 ,$61.11 
1/30/2018,$60.68 ,56910560,$60.28 ,$61.61 ,$59.60 
1/29/2018,$61.71 ,45442840,$60.69 ,$62.03 ,$60.15 
1/26/2018,$60.83 ,51497320,$59.53 ,$60.84 ,$59.40 
1/25/2018,$59.09 ,40877760,$59.50 ,$59.94 ,$58.94 
1/24/2018,$58.95 ,57988160,$59.76 ,$60.12 ,$58.39 
1/23/2018,$59.73 ,47185840,$58.96 ,$59.96 ,$58.78 
1/22/2018,$58.42 ,54936360,$57.61 ,$58.44 ,$57.03 
1/19/2018,$57.53 ,58967320,$57.02 ,$57.77 ,$56.75 
1/18/2018,$56.11 ,40737080,$55.99 ,$56.66 ,$55.67 
1/17/2018,$56.18 ,53717280,$55.18 ,$56.28 ,$54.23 
1/16/2018,$55.03 ,68999800,$56.01 ,$56.88 ,$54.17 
1/12/2018,$55.75 ,35936956,$55.90 ,$56.25 ,$55.34 
1/11/2018,$56.02 ,39799728,$56.25 ,$56.57 ,$55.80 
1/10/2018,$55.92 ,57870440,$54.55 ,$55.96 ,$54 
1/9/2018,$55.49 ,49625000,$55.56 ,$55.96 ,$54.66 
1/8/2018,$55.50 ,87054360,$55.10 ,$56.25 ,$54.65 
1/5/2018,$53.85 ,57708000,$53.55 ,$54.23 ,$52.77 
1/4/2018,$53.40 ,58205560,$53.94 ,$54.51 ,$53.17 
1/3/2018,$53.12 ,90999120,$51.03 ,$53.43 ,$50.94 
1/2/2018,$49.84 ,34860624,$48.95 ,$49.88 ,$48.63 
12/29/2017,$48.38 ,27908408,$49.62 ,$49.62 ,$48.38 
12/28/2017,$49.35 ,23991856,$49.53 ,$49.85 ,$49.29 
12/27/2017,$49.29 ,32883476,$49.23 ,$49.99 ,$49.08 
12/26/2017,$49.36 ,35436036,$48.26 ,$49.44 ,$47.96 
12/22/2017,$48.82 ,46580560,$48.60 ,$48.91 ,$47.81 
12/21/2017,$48.97 ,30040800,$49.24 ,$49.49 ,$48.89 
12/20/2017,$49.20 ,28851640,$49.43 ,$49.52 ,$48.64 
12/19/2017,$49.03 ,37131804,$49.38 ,$49.43 ,$48.74 
12/18/2017,$49.48 ,47558280,$48.30 ,$49.51 ,$48 
12/15/2017,$47.89 ,66872240,$47.06 ,$48.10 ,$46.41 
12/14/2017,$46.62 ,43690360,$46.48 ,$47.34 ,$46.15 
12/13/2017,$46.55 ,55292560,$48.13 ,$48.14 ,$46.47 
12/12/2017,$47.71 ,45359040,$48.23 ,$48.46 ,$47.47 
12/11/2017,$48.67 ,37074668,$48.02 ,$48.70 ,$47.86 
12/8/2017,$47.87 ,46127720,$48.50 ,$48.70 ,$47.79 
12/7/2017,$48.00 ,53575560,$47.99 ,$48.40 ,$47.53 
12/6/2017,$47.32 ,46383920,$46.43 ,$47.54 ,$46.21 
12/5/2017,$46.94 ,98048720,$45.60 ,$48.18 ,$45.15 
12/4/2017,$46.67 ,123840400,$50.01 ,$50.08 ,$46.13 
12/1/2017,$49.42 ,81005400,$49.83 ,$50.03 ,$48.12 
11/30/2017,$50.18 ,82270640,$49.80 ,$50.67 ,$49.16 
11/29/2017,$49.11 ,139470280,$52.50 ,$52.53 ,$47.81 
11/28/2017,$52.68 ,51181160,$53.59 ,$53.68 ,$52.06 
11/27/2017,$53.54 ,42230920,$54.33 ,$54.34 ,$53.50 
11/24/2017,$54.24 ,18075200,$53.90 ,$54.25 ,$53.65 
11/22/2017,$53.73 ,35637844,$54.25 ,$54.25 ,$53.40 
11/21/2017,$54.01 ,39821324,$53.92 ,$54.13 ,$53.60 
11/20/2017,$53.52 ,39488876,$53.00 ,$53.64 ,$52.63 
11/17/2017,$52.84 ,51454040,$53.48 ,$53.84 ,$52.69 
11/16/2017,$52.90 ,43941280,$53.25 ,$53.55 ,$52.81 
11/15/2017,$52.50 ,50052120,$52.99 ,$53 ,$51.95 
11/14/2017,$53.55 ,52789840,$53.25 ,$53.70 ,$52.81 
11/13/2017,$53.16 ,58108440,$54.04 ,$54.29 ,$53.00 
11/10/2017,$54.04 ,125182480,$53.27 ,$54.67 ,$52.91 
11/9/2017,$51.33 ,95068120,$51.32 ,$51.58 ,$50.09 
11/8/2017,$52.29 ,52128760,$52.96 ,$53 ,$51.81 
11/7/2017,$53.01 ,42674840,$52.64 ,$53.23 ,$52.51 
11/6/2017,$52.41 ,38919564,$51.80 ,$52.50 ,$51.68 
11/3/2017,$52.17 ,35246428,$51.80 ,$52.17 ,$51.34 
11/2/2017,$51.49 ,34129904,$51.50 ,$51.95 ,$50.91 
11/1/2017,$51.80 ,49860040,$52.34 ,$52.49 ,$51.15 
10/31/2017,$51.70 ,41030640,$51.28 ,$51.97 ,$51.23 
10/30/2017,$50.96 ,50329640,$50.47 ,$51.52 ,$50.31 
10/27/2017,$50.47 ,57134920,$49.45 ,$50.47 ,$49.19 
10/26/2017,$48.92 ,32048372,$48.70 ,$49.04 ,$48.45 
10/25/2017,$48.42 ,82713880,$49.27 ,$49.81 ,$47.79 
10/24/2017,$49.67 ,40379000,$49.25 ,$49.69 ,$48.99 
10/23/2017,$49.16 ,42763480,$49.45 ,$49.71 ,$48.95 
10/20/2017,$49.23 ,45020040,$49.62 ,$49.90 ,$49.14 
10/19/2017,$49.45 ,56706360,$48.61 ,$49.50 ,$48.11 
10/18/2017,$49.40 ,56632640,$49.53 ,$49.54 ,$48.33 
10/17/2017,$49.44 ,46517320,$49.27 ,$49.73 ,$49.09 
10/16/2017,$49.48 ,57409920,$48.95 ,$49.51 ,$48.31 
10/13/2017,$48.65 ,62733400,$48.39 ,$48.75 ,$47.91 
10/12/2017,$47.76 ,52497960,$47.77 ,$48.27 ,$47.48 
10/11/2017,$47.74 ,52830200,$47.40 ,$47.75 ,$46.94 
10/10/2017,$47.23 ,97271360,$47.86 ,$48.24 ,$46.82 
10/9/2017,$46.35 ,56098240,$45.70 ,$46.68 ,$45.51 
10/6/2017,$45.33 ,31802924,$44.91 ,$45.46 ,$44.75 
10/5/2017,$45.19 ,43643320,$45.47 ,$45.50 ,$44.89 
10/4/2017,$45.22 ,42723000,$44.91 ,$45.44 ,$44.54 
10/3/2017,$44.84 ,38926804,$44.81 ,$45.15 ,$44.40 
10/2/2017,$44.75 ,50268040,$45.20 ,$45.50 ,$44.25 
9/29/2017,$44.69 ,61788640,$44.77 ,$44.93 ,$44.31 
9/28/2017,$43.92 ,43449760,$44.01 ,$44.05 ,$43.44 
9/27/2017,$43.93 ,71024760,$43.91 ,$44.07 ,$43.19 
9/26/2017,$42.99 ,111203920,$44.11 ,$44.67 ,$42.59 
9/25/2017,$42.75 ,87280040,$44.44 ,$44.45 ,$42.54 
9/22/2017,$44.75 ,49040000,$45.08 ,$45.58 ,$44.65 
9/21/2017,$45.19 ,107451960,$45.41 ,$45.68 ,$44.40 
9/20/2017,$46.46 ,69022520,$46.88 ,$47.36 ,$46.05 
9/19/2017,$46.84 ,87158200,$46.38 ,$47.46 ,$46.15 
9/18/2017,$46.89 ,167556760,$46.29 ,$47.80 ,$46.22 
9/15/2017,$45.03 ,135816200,$43.22 ,$45.03 ,$43.16 
9/14/2017,$42.35 ,51161320,$42.20 ,$43.14 ,$41.95 
9/13/2017,$42.59 ,58015160,$42.15 ,$42.89 ,$41.82 
9/12/2017,$42.40 ,41054160,$42.50 ,$42.50 ,$41.74 
9/11/2017,$42.25 ,56649640,$41.39 ,$42.36 ,$41.33 
9/8/2017,$40.92 ,49660400,$41.53 ,$41.68 ,$40.68 
9/7/2017,$41.65 ,35244748,$41.62 ,$41.97 ,$41.24 
9/6/2017,$41.45 ,39584536,$41.81 ,$41.95 ,$41.10 
9/5/2017,$41.48 ,69572120,$42.10 ,$42.15 ,$40.89 
9/1/2017,$42.62 ,44517320,$42.49 ,$42.98 ,$42.40 
8/31/2017,$42.36 ,61185120,$41.63 ,$42.40 ,$41.55 
8/30/2017,$41.42 ,38266156,$41.38 ,$41.53 ,$41.07 
8/29/2017,$41.18 ,32297040,$40.65 ,$41.40 ,$40.57 
8/28/2017,$41.24 ,38528528,$41.15 ,$41.28 ,$40.58 
8/25/2017,$40.95 ,35639356,$41.54 ,$41.65 ,$40.89 
8/24/2017,$41.30 ,46886200,$41.78 ,$41.82 ,$41.03 
8/23/2017,$41.45 ,57845560,$40.30 ,$41.56 ,$40.21 
8/22/2017,$40.64 ,44923840,$40.12 ,$40.70 ,$39.93 
8/21/2017,$39.79 ,62250720,$40.62 ,$40.74 ,$39.34 
8/18/2017,$40.38 ,60021800,$40.92 ,$41.09 ,$39.91 
8/17/2017,$40.37 ,52160200,$41.20 ,$41.38 ,$40.35 
8/16/2017,$41.29 ,59509400,$41.90 ,$42.14 ,$40.96 
8/15/2017,$41.75 ,76315320,$42.15 ,$42.42 ,$41.40 
8/14/2017,$42.10 ,127531840,$39.92 ,$42.14 ,$39.80 
8/11/2017,$38.99 ,149523480,$39.29 ,$39.75 ,$38.23 
8/10/2017,$41.19 ,126209040,$43.04 ,$43.17 ,$41.08 
8/9/2017,$43.03 ,52728240,$42.11 ,$43.05 ,$41.92 
8/8/2017,$42.58 ,75174200,$43.47 ,$43.64 ,$42.18 
8/7/2017,$43.09 ,71426120,$42.10 ,$43.09 ,$42 
8/4/2017,$41.80 ,58821840,$41.85 ,$42.52 ,$41.62 
8/3/2017,$41.62 ,43977080,$41.09 ,$41.66 ,$40.92 
8/2/2017,$41.10 ,46563640,$41.44 ,$41.48 ,$40.32 
8/1/2017,$41.12 ,42911840,$40.53 ,$41.14 ,$40.25 
7/31/2017,$40.63 ,55806760,$41.24 ,$41.60 ,$40.16 
7/28/2017,$41.10 ,51281880,$40.07 ,$41.35 ,$39.82 
7/27/2017,$40.44 ,76286880,$42.07 ,$42.19 ,$39.39 
7/26/2017,$41.82 ,63571680,$41.92 ,$42.48 ,$41.46 
7/25/2017,$41.34 ,49317160,$41.31 ,$41.48 ,$40.90 
7/24/2017,$41.54 ,64830360,$42.10 ,$42.20 ,$41.43 
7/21/2017,$42.03 ,63821280,$41.67 ,$42.33 ,$41.52 
7/20/2017,$41.88 ,69616600,$41.48 ,$41.88 ,$40.98 
7/19/2017,$41.28 ,68442160,$41.58 ,$41.85 ,$41.15 
7/18/2017,$41.49 ,77547480,$40.45 ,$41.64 ,$40.33 
7/17/2017,$41.06 ,92554040,$41.58 ,$41.88 ,$40.44 
7/14/2017,$41.24 ,94029840,$40.32 ,$41.25 ,$40.25 
7/13/2017,$40.16 ,136738040,$40.75 ,$41.58 ,$39.69 
7/12/2017,$40.63 ,113925200,$39.58 ,$40.75 ,$39.14 
7/11/2017,$38.97 ,75666640,$38.46 ,$39.05 ,$38.04 
7/10/2017,$38.43 ,95520360,$37.44 ,$38.50 ,$37.17 
7/7/2017,$36.69 ,65117320,$36.45 ,$36.88 ,$36.21 
7/6/2017,$35.87 ,74486560,$35.47 ,$36.35 ,$34.94 
7/5/2017,$35.76 ,81897760,$35.48 ,$36.06 ,$35.28 
7/3/2017,$34.83 ,70907280,$36.26 ,$36.41 ,$34.65 
6/30/2017,$36.14 ,72937680,$36.85 ,$36.98 ,$35.88 
6/29/2017,$36.67 ,106079040,$37.65 ,$37.68 ,$36.02 
6/28/2017,$37.94 ,99315920,$37.33 ,$37.99 ,$36.44 
6/27/2017,$36.65 ,99792320,$37.86 ,$37.95 ,$36.59 
6/26/2017,$38.04 ,106308840,$38.79 ,$39.15 ,$37.08 
6/23/2017,$38.46 ,108685240,$39.67 ,$39.83 ,$38.31 
6/22/2017,$39.59 ,46835240,$39.95 ,$40.09 ,$39.35 
6/21/2017,$39.87 ,68017200,$39.55 ,$39.91 ,$38.93 
6/20/2017,$39.27 ,109395280,$39.76 ,$40.44 ,$39.23 
6/19/2017,$39.33 ,77333000,$38.35 ,$39.38 ,$38.32 
6/16/2017,$37.91 ,92079400,$38.19 ,$38.68 ,$37.56 
6/15/2017,$38.09 ,95975280,$36.74 ,$38.40 ,$36.63 
6/14/2017,$37.93 ,118059640,$37.88 ,$38.52 ,$37.13 
6/13/2017,$37.85 ,166956520,$38.60 ,$38.69 ,$36.41 
6/12/2017,$37.49 ,169075200,$36.47 ,$37.93 ,$35.53 
6/9/2017,$37.40 ,368813160,$41.19 ,$42.13 ,$35.69 
6/8/2017,$39.99 ,115044520,$38.37 ,$40 ,$37.95 
6/7/2017,$37.28 ,60660360,$37.08 ,$37.47 ,$36.93 
6/6/2017,$36.84 ,75730600,$36.96 ,$37.42 ,$36.70 
6/5/2017,$37.00 ,81598080,$35.75 ,$37.13 ,$35.63 
6/2/2017,$35.91 ,48695480,$36.06 ,$36.33 ,$35.85 
6/1/2017,$36.09 ,50036280,$36.25 ,$36.26 ,$35.63 
5/31/2017,$36.09 ,88376720,$36.67 ,$36.75 ,$35.51 
5/30/2017,$36.22 ,98758560,$35.93 ,$36.57 ,$35.76 
5/26/2017,$35.46 ,77798480,$34.48 ,$36.32 ,$34.28 
5/25/2017,$34.57 ,60736480,$35 ,$35.01 ,$34.11 
5/24/2017,$34.64 ,81661880,$35.24 ,$35.27 ,$34.52 
5/23/2017,$34.26 ,68052760,$34.93 ,$34.95 ,$33.93 
5/22/2017,$34.73 ,83534120,$34.44 ,$34.87 ,$34.33 
5/19/2017,$34 ,101170680,$34.26 ,$34.56 ,$33.81 
5/18/2017,$33.27 ,115326440,$32.38 ,$33.36 ,$31.76 
5/17/2017,$31.93 ,126823920,$33.53 ,$33.72 ,$31.89 
5/16/2017,$34.20 ,111888880,$34.10 ,$34.36 ,$33.34 
5/15/2017,$33.58 ,108358160,$32.39 ,$33.60 ,$32.35 
5/12/2017,$31.97 ,96171000,$31.66 ,$32.40 ,$31.45 
5/11/2017,$31.63 ,193521000,$30.01 ,$32.61 ,$29.98 
5/10/2017,$30.32 ,212525880,$28.57 ,$30.46 ,$28.51 
5/9/2017,$25.74 ,74698800,$25.75 ,$26.23 ,$25.67 
5/8/2017,$25.69 ,36450996,$26.09 ,$26.10 ,$25.58 
5/5/2017,$25.97 ,22782036,$25.85 ,$26.04 ,$25.69 
5/4/2017,$25.96 ,20956988,$26.13 ,$26.24 ,$25.88 
5/3/2017,$26.06 ,33604452,$25.80 ,$26.16 ,$25.65 
5/2/2017,$25.87 ,62456400,$26.39 ,$26.40 ,$25.64 
5/1/2017,$26.66 ,30680040,$26.19 ,$26.71 ,$26.11 
4/28/2017,$26.08 ,34743220,$26.34 ,$26.41 ,$26.02 
4/27/2017,$26.41 ,31937184,$26.08 ,$26.50 ,$25.90 
4/26/2017,$26.01 ,32657508,$26.32 ,$26.35 ,$25.99 
4/25/2017,$26.19 ,38809452,$25.89 ,$26.33 ,$25.67 
4/24/2017,$25.74 ,37147404,$25.74 ,$25.87 ,$25.53 
4/21/2017,$25.42 ,34157820,$25.21 ,$25.45 ,$25.09 
4/20/2017,$25.32 ,40374880,$25.07 ,$25.36 ,$24.85 
4/19/2017,$24.92 ,38063224,$25 ,$25.25 ,$24.85 
4/18/2017,$24.82 ,36962800,$24.66 ,$24.89 ,$24.40 
4/17/2017,$24.81 ,49657720,$24.00 ,$24.81 ,$23.95 
4/13/2017,$23.87 ,50622600,$24.08 ,$24.30 ,$23.87 
4/12/2017,$24.33 ,41363440,$24.53 ,$24.68 ,$24.28 
4/11/2017,$24.53 ,61729560,$24.14 ,$24.73 ,$24.09 
4/10/2017,$24.44 ,75515640,$25.09 ,$25.16 ,$24.40 
4/7/2017,$25.08 ,42521200,$25.26 ,$25.43 ,$24.93 
4/6/2017,$25.19 ,63444360,$25.06 ,$25.31 ,$24.60 
4/5/2017,$25.01 ,74604000,$25.00 ,$25.59 ,$24.88 
4/4/2017,$25.20 ,126735000,$25.85 ,$26.11 ,$25.09 
4/3/2017,$27.10 ,44497080,$27.24 ,$27.41 ,$26.86 
3/31/2017,$27.23 ,44050360,$27.25 ,$27.47 ,$27.10 
3/30/2017,$27.35 ,52421160,$26.91 ,$27.50 ,$26.85 
3/29/2017,$26.84 ,34961896,$27.00 ,$27.12 ,$26.81 
3/28/2017,$26.92 ,43227720,$27.08 ,$27.22 ,$26.82 
3/27/2017,$27.06 ,50619080,$26.40 ,$27.10 ,$25.89 
3/24/2017,$26.87 ,43908720,$27.24 ,$27.32 ,$26.61 
3/23/2017,$26.77 ,53262160,$26.94 ,$27.14 ,$26.68 
3/22/2017,$27.02 ,61511720,$26.37 ,$27.07 ,$26.33 
3/21/2017,$26.48 ,91234560,$27.19 ,$27.49 ,$26.40 
3/20/2017,$27.36 ,74695880,$26.70 ,$27.40 ,$26.53 
3/17/2017,$26.52 ,111786200,$26.13 ,$26.53 ,$25.95 
3/16/2017,$25.95 ,51946000,$25.75 ,$25.96 ,$25.60 
3/15/2017,$25.64 ,61407760,$25.56 ,$25.75 ,$25.08 
3/14/2017,$25.45 ,51992040,$25.59 ,$25.69 ,$25.12 
3/13/2017,$25.46 ,77244160,$24.89 ,$25.56 ,$24.88 
3/10/2017,$24.78 ,49921280,$24.90 ,$25.02 ,$24.60 
3/9/2017,$24.64 ,47756640,$24.48 ,$24.86 ,$24.35 
3/8/2017,$24.64 ,62100000,$25.18 ,$25.33 ,$24.62 
3/7/2017,$24.69 ,60277400,$24.42 ,$24.88 ,$24.29 
3/6/2017,$24.42 ,88308440,$24.24 ,$24.53 ,$23.79 
3/3/2017,$24.61 ,86497640,$24.64 ,$24.69 ,$24.06 
3/2/2017,$24.75 ,75319480,$25.57 ,$25.71 ,$24.72 
3/1/2017,$25.70 ,50428440,$25.95 ,$26.09 ,$25.28 
2/28/2017,$25.37 ,62483880,$26.20 ,$26.30 ,$25.19 
2/27/2017,$26.10 ,71496840,$25.55 ,$26.26 ,$25.39 
2/24/2017,$25.37 ,102880480,$24.27 ,$25.50 ,$23.93 
2/23/2017,$25.12 ,158220680,$26.38 ,$26.60 ,$24.92 
2/22/2017,$27.69 ,42639000,$27.86 ,$27.95 ,$27.50 
2/21/2017,$27.77 ,55145680,$27.06 ,$27.81 ,$27.06 
